id,fullname,address,phone_number,email,workplace,birthdate,registration_date,gender,income,expenses,credit,deposit
1,Александрова Анастасия Аскольдовна,"ст. Озеры, пр. Морозова, д. 7 стр. 8, 258702",+7 (387) 419-8975,ulitkin@rambler.ru,"к. Кижи, пр. Одесский, д. 320 стр. 920, 508949",1990-03-13,2019-02-26,F,169840,85911,True,False
2,Никифоров Ефрем Тимурович,"клх Россошь, бул. Ясный, д. 706, 499603",+7 (713) 286-27-78,fmjasnikova@yandex.ru,"к. Ардон, пр. Энергетиков, д. 65, 370577",1982-11-05,2016-01-12,M,195769,87781,True,True
3,Антонина Анатольевна Русакова,"п. Кемерово, алл. Олега Кошевого, д. 453, 601509",8 389 855 33 98,veselovtrofim@rambler.ru,"клх Гаврилов-Ям, пер. Серафимовича, д. 84, 019011",1986-02-02,2018-01-23,F,,77363,False,False
4,Петухов Макар Всеволодович,"ст. Курск, пер. Олега Кошевого, д. 9, 983612",+7 (846) 149-60-02,velimir_1985@yandex.ru,"ст. Дербент, алл. Степная, д. 15 стр. 8/7, 453001",1985-08-18,2014-12-31,M,123481,97513,True,False
5,Ульяна Александровна Шашкова,"г. Северобайкальск, пер. Дачный, д. 262, 080183",8 (818) 911-37-96,gordeevaakulina@rambler.ru,"клх Ишим, ул. Суворова, д. 25, 005853",1990-12-20,2019-02-25,F,267276,71076,True,True
6,Варвара Ильинична Евдокимова,"к. Палана, бул. Средний, д. 61 к. 29, 373724",8 807 159 75 54,gorbachevvadim@yahoo.com,"д. Устюжна, бул. Вахитова, д. 36 к. 633, 260018",1988-07-25,2017-08-21,F,275555,64160,True,True
7,Мельников Савва Елизарович,"д. Тайшет, ул. Пугачева, д. 48 стр. 621, 142356",8 (790) 278-79-16,moke1998@rambler.ru,"г. Ирбит, бул. Новгородский, д. 26, 885161",1998-04-21,2015-09-09,M,,63605,False,False
8,Адриан Ермилович Коновалов,"к. Ивдель, наб. Славянская, д. 9/1, 890707",80256363179,pribakova@mail.ru,"ст. Пушкин, бул. Ермака, д. 996 к. 800, 589218",1972-07-12,2017-01-23,M,,83628,False,True
9,Потапова Евдокия Львовна,"г. Кабанск, алл. Набережная, д. 84 стр. 74, 032613",8 138 203 1303,valeri74@rambler.ru,"п. Черский, пр. Дальний, д. 29 стр. 3, 391458",1991-06-29,2013-10-09,F,,94377,False,False
10,Никодим Борисович Калашников,"клх Калевала, алл. Карла Маркса, д. 3/6, 785903",8 (994) 303-4136,isa75@yandex.ru,"ст. Билибино, бул. 60 лет СССР, д. 1/7 к. 3/9, 207532",1996-01-12,2017-10-05,M,201403,72998,True,True
11,Тихон Марсович Рогов,"ст. Тутончаны, алл. Заовражная, д. 5 стр. 6/6, 766230",+7 (976) 633-23-98,koshelevsavvati@mail.ru,"клх Назрань, пр. Специалистов, д. 7/9, 679116",1978-10-04,2015-05-09,M,,71524,False,False
12,тов. Коновалова Регина Тарасовна,"г. Рославль, алл. Детская, д. 58 к. 98, 843970",8 (674) 685-05-00,odintsovafanasi@mail.ru,"г. Балашиха, ш. Клубное, д. 76 стр. 7, 652927",1998-05-27,2015-09-07,F,,89032,False,False
13,Ратмир Федосеевич Гришин,"п. Шарья, пер. Ильича, д. 227 к. 30, 255286",+7 947 610 54 92,seliverstovairaida@mail.ru,"клх Нижневартовск, пр. Смирнова, д. 469, 987199",1968-11-24,2016-11-19,M,245135,96979,True,True
14,Кузьмин Радим Ефимьевич,"ст. Красновишерск, ш. Казанское, д. 315 к. 6/1, 828414",8 (811) 734-2654,platon_55@yandex.ru,"клх Шумиха, алл. Волгоградская, д. 2 стр. 5, 747335",1982-02-19,2016-01-31,M,,84663,False,True
15,Андреева Дарья Романовна,"п. Тамбов, алл. Механическая, д. 864, 971469",+73242336513,evfrosinija07@yandex.ru,"клх Уренгой, бул. Васильковый, д. 55, 625622",1980-03-12,2015-04-03,F,135950,79679,True,False
16,Клавдия Харитоновна Ларионова,"п. Юрьев-Польский, ш. Добролюбова, д. 8 стр. 7, 674529",87331221272,foti1975@rambler.ru,"д. Снежногорск (Мурм.), пер. Ставропольский, д. 803 стр. 5/5, 234407",1995-06-04,2012-11-28,F,,91126,False,False
17,Кира Константиновна Архипова,"к. Моздок, бул. Запрудный, д. 88 стр. 836, 391594",83719169288,avksentidoronin@mail.ru,"д. Снежинск, пер. Дальний, д. 8, 269281",1996-06-09,2016-03-16,F,,82263,False,False
18,Онуфрий Иосифович Киселев,"ст. Кропоткин (Краснод.), пер. Механический, д. 26, 691398",+78905061393,svjatopolk_45@yandex.ru,"ст. Тобольск, ул. Родниковая, д. 44 к. 8/9, 855159",1996-07-03,2013-06-23,M,,62776,False,True
19,Борислав Елизарович Белозеров,"п. Котельнич, пер. Пролетарский, д. 89, 017563",8 612 309 9622,hevdokimov@mail.ru,"д. Гаврилов-Ям, ш. Краснопартизанское, д. 8/5, 872068",1979-09-06,2018-06-06,M,119378,95900,True,False
20,Нинель Оскаровна Михайлова,"ст. Краснодар, алл. Чапаева, д. 4/6 стр. 6/3, 273334",+7 (165) 154-80-13,elizar2009@rambler.ru,"с. Бреды, наб. Октября, д. 5, 978341",1989-12-16,2014-02-02,F,147246,81539,True,False
21,Лихачева Елена Богдановна,"клх Туруханск, пр. 40 лет Победы, д. 5, 561464",8 804 514 82 74,terentevflorentin@yandex.ru,"клх Новомосковск, алл. Базарная, д. 720 стр. 80, 339488",1962-05-31,2014-01-13,F,196532,71260,True,False
22,Ковалев Осип Трофимович,"к. Иваново, алл. Лунная, д. 5/3, 743140",88210836924,ruslankondratev@hotmail.com,"д. Кировск (Мурм.), пр. Добролюбова, д. 2/8 к. 6, 650325",1997-01-04,2015-12-05,M,281795,100918,True,True
23,Пелагея Семеновна Яковлева,"с. Каменск-Уральский, ш. Монтажников, д. 871 к. 7/2, 112393",+7 (823) 042-6563,orest_85@gmail.com,"д. Верхнее Пенжино, ш. Красина, д. 1, 341832",1967-02-24,2012-05-11,F,,81641,False,True
24,Рожкова Раиса Григорьевна,"ст. Малая Вишера, бул. Зои Космодемьянской, д. 27 стр. 453, 641803",8 (281) 747-46-71,rostislav67@yahoo.com,"г. Москва, пер. Королева, д. 52, 353673",1984-06-28,2013-03-23,F,163804,100355,True,False
25,тов. Мартынов Александр Филатович,"клх Нарьян-Мар, наб. Полтавская, д. 945 к. 157, 673870",+7 (221) 262-22-53,natan_1970@rambler.ru,"д. Шелехов, наб. Автомобилистов, д. 70 к. 3/7, 708150",1979-07-23,2018-11-22,M,,83286,False,False
26,Стрелкова Пелагея Феликсовна,"г. Октябрьское (Челяб.), ш. Леваневского, д. 333 к. 758, 024645",8 046 493 91 58,laleksandrova@yahoo.com,"п. Новороссийск, пер. Кузнецкий, д. 7/1 к. 454, 537839",1969-08-26,2014-07-28,F,131325,92344,True,True
27,Суханова Наталья Георгиевна,"к. Моздок, ул. Восточная, д. 338 стр. 625, 702904",+7 (497) 661-47-73,mili2006@gmail.com,"г. Каргополь, пер. Студенческий, д. 29, 917088",1963-12-17,2018-02-14,F,,56329,False,False
28,Екатерина Леоновна Силина,"с. Набережные Челны, наб. Российская, д. 9/9 стр. 3, 331034",+7 650 777 4863,ribakovspartak@gmail.com,"д. Радужный, ш. Калинина, д. 37 стр. 116, 347724",1965-09-10,2012-02-03,F,113577,82176,True,True
29,Анжела Ефимовна Лихачева,"г. Радужный, пр. Слободской, д. 87 к. 29, 384634",8 (865) 132-26-32,vpavlov@hotmail.com,"клх Ногинск (Моск.), ш. Логовое, д. 6/5 стр. 314, 926062",1973-07-28,2012-09-11,F,214506,93626,True,False
30,тов. Богданова Александра Вячеславовна,"с. Чебоксары, пер. Серафимовича, д. 1/5 к. 6, 194410",+7 884 959 8803,avksentikononov@gmail.com,"с. Токсово, алл. О.Кошевого, д. 145, 577431",1990-04-13,2013-08-12,F,,71845,False,False
31,Королев Максимильян Вилорович,"с. Киренск, пр. Энергетический, д. 13, 462274",8 (835) 671-3338,luka1985@mail.ru,"клх Бодайбо, алл. Целинная, д. 8/9 к. 6, 225753",1973-07-19,2019-12-29,M,220661,68411,True,True
32,Елизар Измаилович Ширяев,"г. Лысьва, пер. Большой, д. 59 к. 7, 148537",8 (133) 736-1989,nadezhda13@yandex.ru,"п. Ведено, бул. Курчатова, д. 486 к. 776, 611302",1969-01-07,2017-09-26,M,,60707,False,True
33,Игнатьев Никифор Борисович,"с. Курчатов, пр. Стахановский, д. 6/8 стр. 8, 823226",8 697 603 05 98,fedor21@hotmail.com,"п. Серебряные Пруды, пр. Олимпийский, д. 43 к. 5/3, 696158",1990-08-08,2018-03-20,M,,79026,False,False
34,Ульян Викторович Муравьев,"к. Нефтекамск, алл. Свободная, д. 427 стр. 3/7, 184732",+7 776 192 89 14,fmamontov@hotmail.com,"клх Магадан, пр. Чехова, д. 844 к. 11, 966275",1966-07-08,2014-05-09,M,,82921,False,True
35,Терентий Демьянович Большаков,"д. Джубга, пр. Привокзальный, д. 1/2, 939607",8 988 198 0606,hristofor2008@yahoo.com,"г. Кабанск, наб. Амурская, д. 8, 504440",1985-03-20,2012-01-01,M,,79277,False,False
36,Ипполит Марсович Терентьев,"с. Неплюевка, бул. 60 лет Октября, д. 797 к. 3, 413467",+7 (185) 699-41-36,silinserafim@hotmail.com,"с. Ухта, пер. 8-е Марта, д. 27 к. 2, 300425",1991-11-09,2019-06-18,M,,86196,False,False
37,Карпова Анжелика Васильевна,"д. Апшеронск, ул. Октября, д. 8 к. 40, 184275",+78063799535,porfiri_1971@rambler.ru,"ст. Калевала, бул. Кленовый, д. 7/1, 854405",1988-01-23,2016-12-19,F,,93265,False,True
38,Вероника Тарасовна Мясникова,"п. Бомнак, алл. Покровская, д. 272 стр. 8, 628805",8 427 647 69 10,rodionovermil@hotmail.com,"п. Томари, бул. Приморский, д. 8 стр. 8/5, 700457",1992-02-04,2019-10-22,F,,70079,False,False
39,тов. Юдин Аполлон Авдеевич,"ст. Кимры, бул. Ольховый, д. 845, 674335",+7 685 740 18 00,zhuravlevaglafira@rambler.ru,"п. Черкесск, ул. Приозерная, д. 237 стр. 411, 464829",2001-10-26,2019-08-17,M,217507,92650,True,True
40,Михаил Арсеньевич Ефимов,"к. Приморско-Ахтарск, алл. Дачная, д. 66 стр. 825, 071469",8 (832) 005-9015,saveliosipov@yahoo.com,"ст. Балашов, наб. 50 лет Победы, д. 5, 249097",1995-12-26,2017-02-21,M,,79436,False,True
41,Венедикт Жанович Анисимов,"клх Пушкинские Горы, ш. Кавказское, д. 433, 334453",87599287152,dmitrievlukjan@mail.ru,"п. Эльбрус, пр. Краснознаменный, д. 9, 644028",1968-07-26,2012-04-04,M,,84542,False,True
42,Наина Болеславовна Горбачева,"к. Белгород, ш. Ярославское, д. 504 стр. 571, 631305",8 040 103 9271,adrian_12@hotmail.com,"к. Тында, наб. Омская, д. 1/2, 310654",1964-06-08,2012-11-04,F,,102231,False,False
43,Егоров Твердислав Анисимович,"г. Макушино, бул. Пархоменко, д. 4/1 стр. 34, 930906",8 (234) 965-41-06,fadeevafanasi@rambler.ru,"клх Мурманск, пер. Куйбышева, д. 923, 300241",2000-02-10,2015-06-29,M,,92258,False,False
44,Мир Тимурович Капустин,"г. Алапаевск, ул. Мирная, д. 7 стр. 2, 887479",8 391 383 03 56,turovparamon@rambler.ru,"п. Кемерово, ш. Льва Толстого, д. 82 к. 8, 609042",1982-02-05,2015-05-22,M,,88708,False,True
45,Степанов Никандр Валерианович,"с. Буйнакск, ул. Орловская, д. 7, 506752",+7 (749) 210-16-35,eliseevemmanuil@mail.ru,"ст. Урюпинск, бул. Никитина, д. 6 стр. 35, 115456",2001-09-14,2018-04-27,M,,74571,False,True
46,Аникей Игнатьевич Комиссаров,"ст. Елец, бул. Ясный, д. 4 стр. 67, 482961",+78933752884,usisoev@mail.ru,"г. Липецк, наб. Свободная, д. 996, 213172",1979-10-12,2014-05-20,M,,74401,False,False
47,Ираида Геннадьевна Кононова,"клх Петрозаводск, алл. Элеваторная, д. 457 стр. 50, 325480",8 994 670 20 23,zaharovandre@gmail.com,"с. Терней, наб. Кооперативная, д. 364 стр. 1, 770121",1985-07-14,2013-05-01,F,,73324,False,False
48,Красильникова Алевтина Наумовна,"к. Наро-Фоминск, ш. Уральское, д. 14 к. 8, 799595",+7 157 112 75 42,lukasergeev@gmail.com,"с. Туапсе, наб. Степана Разина, д. 69 к. 6/4, 369402",1988-08-13,2014-02-09,F,,71581,False,False
49,Субботина Ангелина Вадимовна,"к. Березники, наб. Суворова, д. 4 к. 63, 514714",+7 940 437 7904,tihon62@yahoo.com,"г. Петропавловск-Камчатский, алл. Полтавская, д. 1 к. 9/1, 979350",1982-07-25,2018-04-23,F,,92101,False,False
50,Ситникова Марина Вячеславовна,"г. Чокурдах, ул. Мирная, д. 941, 298956",+71956127751,morlova@yahoo.com,"с. Асбест, пр. Весенний, д. 50 стр. 8/5, 780068",1964-04-04,2015-12-09,F,199047,72380,True,False
51,Лихачева Лариса Альбертовна,"с. Шатки, пер. Мая 1, д. 44 к. 3, 131205",+7 891 453 12 27,trofim_1986@hotmail.com,"клх Сухиничи, бул. Отрадный, д. 238, 920514",1980-06-05,2014-06-28,F,,91846,False,True
52,Ковалева Анна Борисовна,"к. Солнечногорск, алл. Белорусская, д. 93, 192628",+7 103 221 90 44,mili82@yandex.ru,"г. Рязань, алл. Блюхера, д. 832, 927853",1975-09-01,2017-10-28,F,,76422,False,True
53,Виктория Филипповна Гуляева,"ст. Коломна, наб. Медицинская, д. 70 к. 152, 225532",+7 (393) 416-98-68,roman11@yandex.ru,"клх Касимов, пер. Ореховый, д. 533, 148686",1979-06-09,2012-07-04,F,,81336,False,False
54,Шарова Жанна Геннадьевна,"к. Любань, ул. Заречная, д. 95, 031545",8 917 524 07 44,petrovmihe@hotmail.com,"к. Казань, наб. Куйбышева, д. 7/6, 463306",1970-07-18,2019-10-16,F,212389,80811,True,True
55,Куликов Викентий Иосифович,"с. Усть-Катав, алл. Весенняя, д. 4/4 к. 11, 348187",8 312 369 09 59,ostap1992@yahoo.com,"г. Чехов, пер. Воронежский, д. 210, 030091",1980-03-18,2016-11-20,M,,92318,False,True
56,Котова Феврония Святославовна,"п. Красноярск, алл. Путевая, д. 53 стр. 9/7, 310038",8 (935) 526-33-08,karp2005@yandex.ru,"с. Нарым, алл. Прибрежная, д. 3/2, 039456",1982-03-16,2018-04-08,F,,80153,False,False
57,Кулакова Вероника Аскольдовна,"п. Брянск, пер. Микрорайон, д. 33, 225420",+7 (451) 395-65-41,solomon85@gmail.com,"г. Минусинск, наб. Парижской Коммуны, д. 47 стр. 53, 577521",1971-11-12,2016-09-21,F,,98756,False,False
58,Татьяна Кузьминична Авдеева,"клх Инта, ш. Ленинское, д. 7/8 к. 5, 182016",8 222 137 5914,ljudmila_2012@gmail.com,"г. Середниково, ул. Урицкого, д. 5 стр. 3/3, 807490",1963-02-11,2014-10-02,F,173491,89402,True,True
59,Пелагея Аскольдовна Кудряшова,"ст. Чулым, пер. Тюленина, д. 703 к. 15, 666984",+7 (705) 264-93-13,gusevfeliks@yahoo.com,"к. Кинешма, наб. Льва Толстого, д. 16 стр. 306, 574791",1962-10-02,2019-02-23,F,171098,68259,True,False
60,Субботин Карл Якубович,"г. Калач, наб. Нижняя, д. 5 стр. 2, 938828",+7 094 315 23 54,kudrjavtsevvasili@yandex.ru,"клх Охотск, ул. Чкалова, д. 3/6, 086275",1991-10-12,2019-02-15,M,,110507,False,False
61,Светозар Артемьевич Васильев,"к. Таштагол, ул. Жукова, д. 4/2 стр. 71, 856500",+79485076559,morozovaanzhelika@gmail.com,"клх Бронницы, пер. Волжский, д. 679 стр. 812, 005773",1972-07-14,2013-01-24,M,,88108,False,True
62,Юлия Макаровна Юдина,"ст. Магадан, бул. Коммунаров, д. 394 к. 8, 309576",8 (108) 350-2429,fedotovpanfil@yandex.ru,"д. Абинск, пер. Солнечный, д. 60, 783586",1979-09-13,2016-01-28,F,281300,86483,True,False
63,Исидор Ефремович Лыткин,"к. Партизанск, ул. Крылова, д. 82 стр. 6, 379450",+72832094951,artemi2007@gmail.com,"д. Подольск, ул. Гражданская, д. 64 к. 7, 164436",2000-01-18,2019-01-18,M,281836,89794,True,True
64,Феофан Артурович Рожков,"клх Эльбрус, алл. Каштановая, д. 9 стр. 436, 899883",+7 674 812 44 80,kimmironov@yahoo.com,"п. Шумиха, бул. Чкалова, д. 90 к. 7/9, 677682",1995-06-30,2018-02-21,M,251341,76558,True,False
65,Новикова Раиса Альбертовна,"клх Плес, пр. Логовой, д. 2 к. 60, 870236",+7 979 294 1613,leonti_1985@rambler.ru,"с. Ельня, пр. Энтузиастов, д. 76, 803450",1970-07-04,2012-08-16,F,,89034,False,True
66,Волков Савелий Димитриевич,"п. Кострома, ш. Цветочное, д. 68 стр. 46, 408120",+7 388 007 2565,artemi38@hotmail.com,"ст. Юрьев-Польский, алл. 50 лет ВЛКСМ, д. 962, 132336",1970-12-26,2017-08-22,M,,76091,False,False
67,Никитина Екатерина Ефимовна,"с. Сунтар, ш. Тепличное, д. 6/2 к. 9, 598555",+77500653905,haritonovalukija@yahoo.com,"ст. Луховицы, бул. Тургенева, д. 80 стр. 4/4, 702599",1995-02-11,2014-06-03,F,,89371,False,False
68,Беляева Анжела Анатольевна,"ст. Оса, пер. Угольный, д. 1 к. 20, 085017",+75186877873,dorofemerkushev@gmail.com,"г. Ставрополь, наб. Юбилейная, д. 45 к. 35, 487705",1980-07-18,2013-11-29,F,126792,93729,True,True
69,Оксана Богдановна Зайцева,"с. Рославль, пр. Дарвина, д. 99, 859045",8 279 915 2449,antonovazoja@hotmail.com,"д. Красновишерск, наб. Волгоградская, д. 8, 779057",1978-02-07,2017-02-07,F,,89903,False,False
70,Прокофий Юльевич Зимин,"г. Снежинск, ул. Чернышевского, д. 552, 950643",+7 722 358 57 06,ermakovanaina@yandex.ru,"п. Чита, ул. Ростовская, д. 519 к. 8/1, 938946",1977-09-06,2012-04-29,M,,138587,False,True
71,Соломон Викентьевич Козлов,"п. Яхрома, пер. Трудовой, д. 1 стр. 64, 760261",8 (677) 700-7258,rozhkovaveronika@mail.ru,"к. Шенкурск, ш. Казачье, д. 4/9, 146573",1987-03-02,2015-10-04,M,,84186,False,True
72,Фомин Порфирий Ильич,"ст. Сухиничи, алл. Свободы, д. 2/1 к. 97, 573496",+7 (771) 829-16-48,luchezar18@hotmail.com,"п. Александровск-Сахалинский, пер. Каштановый, д. 494 к. 8/2, 331084",1966-04-28,2015-05-28,M,,73687,False,True
73,Варвара Юльевна Трофимова,"к. Сальск, бул. Ульяновский, д. 591 стр. 896, 295073",+7 936 151 17 33,marina18@gmail.com,"д. Тотьма, пер. Волкова, д. 26 стр. 993, 411007",1995-01-26,2019-02-08,F,,78056,False,True
74,Нонна Филипповна Тимофеева,"к. Воркута, наб. Малиновая, д. 13 стр. 8, 848033",+7 591 639 92 67,gusevveniamin@yandex.ru,"ст. Серпухов, ул. Авиационная, д. 4, 449146",1980-05-21,2013-10-15,F,,88636,False,True
75,Шарапов Орест Тимурович,"г. Красноселькуп, ул. Советов, д. 7, 889503",+7 (466) 678-7854,tmamontov@hotmail.com,"ст. Кизел, пр. Карьерный, д. 2/8, 487570",1988-05-18,2013-07-17,M,,116846,False,True
76,Евстафий Федосеевич Кудрявцев,"с. Старый Оскол, ш. Гончарова, д. 86 стр. 2/1, 881330",+7 (792) 994-69-17,kazakovavalerija@hotmail.com,"к. Советский, ш. Щербакова, д. 3/9 стр. 66, 315794",1986-01-17,2015-05-14,M,,83995,False,False
77,Белозерова Анжелика Тимофеевна,"ст. Ногинск (Моск.), ул. Элеваторная, д. 1/3 к. 6, 144048",8 (988) 037-71-66,platon_06@yandex.ru,"г. Лагань, алл. Смоленская, д. 31 к. 15, 333236",1961-05-10,2015-06-05,F,,68158,False,False
78,Дорофей Бориславович Тарасов,"с. Неплюевка, ш. Энтузиастов, д. 1/2, 916129",+7 313 197 77 25,savinmechislav@gmail.com,"к. Нефтеюганск, пер. Володарского, д. 6/3 стр. 711, 246094",1999-01-03,2014-06-24,M,,83258,False,False
79,Ольга Станиславовна Степанова,"с. Галич, бул. Малый, д. 321 стр. 1/8, 931389",+7 (470) 617-65-05,nseliverstov@hotmail.com,"п. Шерегеш, пр. Панфилова, д. 9/2 к. 991, 228423",1966-06-05,2015-05-28,F,,72653,False,False
80,Воробьева Тамара Константиновна,"д. Славгород, алл. Запорожская, д. 6/7 к. 198, 612965",8 873 207 3831,evgenija_23@yahoo.com,"клх Юрьевец (Иван.), ш. Громова, д. 2 к. 4/4, 565677",1973-01-02,2018-10-13,F,,78098,False,False
81,Ширяев Кондрат Артурович,"п. Краснодар, пер. Интернациональный, д. 29 к. 7/7, 062458",8 (235) 510-4895,efrem94@yandex.ru,"клх Кажим, пр. Геологический, д. 832 стр. 98, 148283",1973-06-28,2019-02-18,M,,65321,False,False
82,Аскольд Игоревич Кулагин,"п. Поярково, пр. Геологов, д. 76, 125421",+7 (428) 416-15-64,silin@yandex.ru,"с. Тула, алл. Весенняя, д. 46 к. 98, 230205",2002-02-28,2014-03-04,M,,90178,False,False
83,Вера Рубеновна Дорофеева,"ст. Киржач, наб. Красная, д. 8/9 к. 7/3, 978185",8 101 241 1553,blohinamargarita@mail.ru,"к. Усть-Кут, пер. Алтайский, д. 9 стр. 23, 288782",1986-08-05,2013-04-05,F,,86384,False,False
84,Кир Чеславович Данилов,"с. Шелехов, ш. Жуковского, д. 66, 694453",+74293211016,shirjaevaljubov@gmail.com,"ст. Камень-на-Оби, наб. Орловская, д. 9/7, 701621",1964-12-31,2019-06-01,M,,85852,False,False
85,Баранова Фёкла Аскольдовна,"клх Усть-Кулом, пр. Красный, д. 14 к. 9, 312408",+7 (024) 566-6171,venediktshchukin@yahoo.com,"г. Ковров, ул. Олимпийская, д. 456 к. 900, 123809",1969-02-05,2017-01-20,F,,81113,False,True
86,Боян Яковлевич Смирнов,"клх Геленджик, ул. Мирная, д. 65, 431151",+78261751939,vorobevonufri@gmail.com,"г. Миллерово, пер. Буденного, д. 3 стр. 8/5, 477926",1991-03-28,2014-04-29,M,,92658,False,False
87,Наумов Елисей Викторович,"с. Новомосковск, пр. Коммунистический, д. 9/6, 439686",87504553511,vlas_1995@yandex.ru,"клх Выборг, бул. Прудный, д. 5, 526998",1964-05-30,2013-10-20,M,,85875,False,False
88,Петрова Екатерина Харитоновна,"ст. Домбай, пр. Шишкина, д. 3 стр. 8/5, 414667",+7 541 396 25 46,fadeevermil@yandex.ru,"клх Советский, пр. Новоселов, д. 5/9 к. 8, 279441",1993-08-10,2019-03-04,F,,76618,False,False
89,Ким Игоревич Сафонов,"ст. Североуральск, пр. Серова, д. 819, 132802",+7 911 949 8326,filatovmilovan@rambler.ru,"клх Сибай, пер. Приозерный, д. 1/9, 959474",1965-07-26,2014-10-13,M,279684,70596,True,False
90,Элеонора Григорьевна Прохорова,"с. Кижи, ул. Мелиораторов, д. 806 стр. 2, 041504",8 613 541 1363,arefi_2020@rambler.ru,"г. Новгород Великий, бул. Аэродромный, д. 957 к. 46, 243288",1986-01-23,2014-11-22,F,,86446,False,False
91,Иннокентий Васильевич Тетерин,"к. Вуктыл, ш. Грибоедова, д. 5/9 к. 314, 927533",89760082081,golubevaanna@mail.ru,"ст. Баргузин, наб. Зои Космодемьянской, д. 3 к. 13, 940453",1989-10-05,2017-03-24,M,142925,78428,True,False
92,Молчанов Пимен Эдуардович,"ст. Можга, ш. Колхозное, д. 672 к. 16, 749221",8 (533) 832-3762,silvestr1985@hotmail.com,"к. Сургут (Хант.), пр. Каштановый, д. 4 к. 143, 000930",1989-03-27,2019-11-28,M,,86423,False,False
93,Гордеева Елена Яковлевна,"п. Льгов, ш. Терешковой, д. 546 к. 3, 501794",8 838 094 6123,dorofe_2008@mail.ru,"с. Шахты, пр. К.Маркса, д. 5/2 к. 65, 949524",1991-08-06,2012-05-18,F,193775,87760,True,False
94,Евдокимов Мирослав Глебович,"ст. Тура, бул. Городской, д. 172 к. 5/8, 157112",8 (941) 747-3200,knjazevvladimir@hotmail.com,"с. Урай, ш. Репина, д. 1, 560883",1982-07-11,2012-10-14,M,,80214,False,False
95,Кабанова Анастасия Степановна,"д. Новороссийка, бул. Высокий, д. 772 стр. 2, 651274",+7 (595) 055-4325,wbirjukov@gmail.com,"д. Двинской, пр. Титова, д. 5/1 стр. 81, 679393",1969-09-04,2018-09-11,F,,87895,False,False
96,Константинов Дорофей Бенедиктович,"клх Мокшан, ул. Жуковского, д. 9 стр. 57, 141241",+7 994 025 47 77,glafira_1990@yandex.ru,"г. Арзамас, ул. Ветеранов, д. 326 к. 273, 515143",1986-04-29,2018-11-27,M,126782,92997,True,False
97,Смирнова Валентина Алексеевна,"д. Нижний Тагил, ш. Промышленное, д. 25 стр. 93, 462740",80391846472,evpraksija37@hotmail.com,"клх Любань, пер. Тихий, д. 398, 044737",1975-06-09,2014-11-23,F,118027,77766,True,False
98,Лукия Ждановна Никифорова,"д. Апрелевка, бул. Кузнечный, д. 281 к. 85, 756909",8 697 685 5139,serafim1983@gmail.com,"д. Буденновск, пер. Детский, д. 43 стр. 923, 330814",1992-11-07,2017-03-03,F,149067,67013,True,True
99,Евдокия Тимуровна Доронина,"ст. Щельяюр, ш. Гастелло, д. 667 стр. 1, 145990",8 (379) 068-5268,simon_2004@hotmail.com,"к. Воткинск, ул. Шишкина, д. 5 к. 7/1, 946827",1979-02-23,2014-12-04,F,110007,82572,True,False
100,Виктор Харлампьевич Селезнев,"с. Малгобек, пер. Дачный, д. 712 к. 7/7, 312017",+71207970662,vasili_74@rambler.ru,"г. Южно-Сахалинск, пер. Ярославский, д. 1 стр. 85, 586519",1988-01-08,2018-02-02,M,156924,79531,True,True
101,Силантий Юлианович Харитонов,"к. Гаврилов-Ям, алл. Титова, д. 82, 227030",8 (542) 100-60-09,platon16@hotmail.com,"ст. Быково (метеост.), пер. Сиреневый, д. 273 к. 563, 422937",1990-12-17,2018-08-19,M,,84882,False,True
102,Дарья Руслановна Воронова,"к. Вилюйск, пр. Осипенко, д. 4/7 стр. 1/3, 207148",8 (371) 879-5263,seliverst65@yandex.ru,"д. Псков, ул. Докучаева, д. 950 к. 5, 701837",1977-03-27,2014-10-23,F,,92613,False,False
103,Устинова Валентина Ниловна,"клх Невельск, пр. Сибирский, д. 9, 616051",+78167206413,kasjan_93@yandex.ru,"с. Петрозаводск, ул. Декабристов, д. 99, 968097",1993-12-17,2012-01-05,F,,82748,False,False
104,Веселов Леонид Фокич,"п. Железногорск(Курск.), алл. Боровая, д. 90 к. 3, 262876",+76139333218,emeljanovemil@rambler.ru,"к. Ярославль, пер. Болотный, д. 8 стр. 906, 073101",1993-08-24,2016-06-12,M,167498,72590,True,False
105,Зоя Степановна Кузнецова,"с. Рославль, ул. Гастелло, д. 9 стр. 57, 812318",8 (544) 463-15-01,angelina_53@yahoo.com,"к. Красная Поляна, пр. Учительский, д. 54 стр. 40, 422659",1994-03-11,2019-09-22,F,246144,59287,True,True
106,Владимирова Майя Олеговна,"г. Ржев, наб. Красноярская, д. 3 к. 885, 157412",+7 (481) 663-51-48,samuil_49@rambler.ru,"ст. Талдом, ул. Мирная, д. 2/5 к. 481, 693956",1989-11-01,2016-06-07,F,236075,90355,True,True
107,Самсонов Святополк Исидорович,"ст. Тутаев, бул. Вокзальный, д. 172 стр. 40, 205131",+7 (561) 262-53-78,bolshakovfeliks@hotmail.com,"ст. Воркута, ш. 60 лет СССР, д. 3/2 стр. 45, 853756",1991-09-09,2014-01-26,M,,78242,False,False
108,Иванна Игоревна Маркова,"ст. Бронницы, ул. Чернышевского, д. 1/5 к. 70, 492554",+7 (068) 151-9982,galaktion68@yahoo.com,"клх Воскресенск, ул. Дорожная, д. 712, 300130",1977-08-12,2017-07-17,F,,92183,False,True
109,Феврония Леоновна Суханова,"п. Соловки, наб. Приморская, д. 9 стр. 86, 346135",8 (856) 736-2088,averki1996@gmail.com,"к. Кырен, бул. Чехова, д. 2/3, 217303",1978-09-18,2019-02-28,F,,90899,False,False
110,Алла Олеговна Блинова,"с. Елец, ул. Вахитова, д. 9/9, 405114",+7 (750) 705-8870,zhanna2010@yahoo.com,"ст. Катайск, ул. Ленинградская, д. 7, 672494",1995-08-17,2015-04-01,F,,90917,False,True
111,Софон Эдгарович Савельев,"к. Катайск, пер. Торговый, д. 699 стр. 18, 361344",8 (230) 534-23-59,pantelemon_72@hotmail.com,"д. Плесецк, наб. Розы Люксембург, д. 8 к. 989, 909749",1969-07-11,2014-01-04,M,219908,60556,True,False
112,Тетерин Фрол Денисович,"д. Цимлянск, алл. Строительная, д. 97 к. 92, 039301",+7 228 041 0269,gordekostin@yandex.ru,"д. Камышин, бул. Дарвина, д. 347 к. 35, 249136",1981-06-25,2018-08-09,M,,85077,False,False
113,Лазарева Ия Альбертовна,"к. Александровск-Сахалинский, пр. Герцена, д. 7, 961980",+7 (177) 120-4522,zhanna_2017@rambler.ru,"клх Нижнеудинск, бул. 8 Марта, д. 84 стр. 7/8, 033412",2000-05-24,2015-10-05,F,289385,74717,True,True
114,Жуков Аскольд Иосифович,"г. Мытищи, наб. Лермонтова, д. 56, 566473",+7 282 504 2913,anna_72@yandex.ru,"п. Истра, пр. Вахитова, д. 91 стр. 8, 061050",1980-12-03,2019-03-08,M,,98473,False,True
115,Варвара Эльдаровна Якушева,"п. Обоянь, пр. Дорожников, д. 8/2 к. 31, 279545",8 119 639 0891,lidija2006@yahoo.com,"д. Орск, наб. Овражная, д. 99, 106687",1997-10-31,2014-09-12,F,120198,74219,True,True
116,Раиса Петровна Исаева,"ст. Урюпинск, ул. Крымская, д. 9/1 стр. 8/9, 713445",+7 (427) 472-4784,sigizmund1987@gmail.com,"к. Калач-на-Дону, ул. Новоселов, д. 1/5 стр. 9/8, 435057",1982-02-11,2014-02-27,F,131829,79301,True,True
117,Некрасов Назар Григорьевич,"п. Архыз, пер. Жданова, д. 8/3, 544131",8 127 706 64 30,teterinmihe@yahoo.com,"клх Курильск, пр. Краснофлотский, д. 7/7 к. 153, 364796",1975-11-16,2019-08-27,M,289593,88873,True,False
118,Эмилия Максимовна Родионова,"п. Хабаровск, наб. Магистральная, д. 378 стр. 72, 233445",+7 (643) 463-8325,gmolchanov@gmail.com,"г. Белоярский, пр. Сельский, д. 284 к. 9/7, 959070",1963-08-14,2016-11-07,F,,75373,False,True
119,Николаева Клавдия Руслановна,"с. Усинск, пр. Металлургов, д. 650, 875698",8 (578) 109-1402,innokenti50@gmail.com,"к. Сергиев Посад, пер. Буденного, д. 192, 107254",1978-03-05,2015-07-31,F,,82166,False,True
120,Синклитикия Робертовна Шилова,"ст. Змеиногорск, наб. Черноморская, д. 6/1 стр. 90, 354180",8 (458) 028-6468,evseevafekla@hotmail.com,"к. Долинск, бул. Специалистов, д. 4 к. 90, 202200",1985-04-10,2018-09-09,F,,97886,False,True
121,Кир Антипович Буров,"ст. Троицко-Печорск, алл. Цветочная, д. 85 к. 3, 223402",8 (159) 393-37-21,kudrjavtsevvarfolome@yahoo.com,"к. Верхний Баскунчак, пр. Кооперативный, д. 5/5 стр. 81, 512651",1980-10-12,2018-11-17,M,,88077,False,True
122,Анна Ждановна Шилова,"г. Красноуральск, бул. Южный, д. 6 к. 8/8, 506220",+7 (361) 616-1818,harlampi_2018@gmail.com,"ст. Хужир, пер. Рязанский, д. 6 к. 93, 943777",1992-06-17,2014-07-07,F,,101881,False,True
123,Турова Алевтина Максимовна,"ст. Белокуриха, пр. Тенистый, д. 823, 196070",86274440688,ustin40@gmail.com,"г. Шали, бул. Курчатова, д. 8/4 стр. 4/2, 663753",1962-04-05,2015-06-26,F,,77532,False,False
124,Антонина Дмитриевна Богданова,"с. Александровск, пр. Толбухина, д. 1 к. 97, 639312",+7 789 028 7572,rodionovpetr@yahoo.com,"к. Яхрома, бул. Поперечный, д. 8/3, 745413",1978-09-27,2012-10-04,F,248049,80547,True,False
125,Мартынов Арефий Денисович,"п. Аша, наб. Карьерная, д. 87, 969016",8 (999) 813-0812,vadimshestakov@rambler.ru,"д. Моздок, алл. Гончарова, д. 65 к. 55, 411725",1976-01-27,2015-03-05,M,,71160,False,False
126,Авдеев Сергей Демьянович,"клх Можайск, пр. Льва Толстого, д. 536 стр. 2/5, 522197",8 (347) 490-13-94,shilovagafon@yandex.ru,"клх Карабулак, алл. Металлистов, д. 496 стр. 876, 641424",1976-09-06,2019-05-22,M,139308,93045,True,False
127,Прасковья Николаевна Маслова,"к. Сасово, пр. Олимпийский, д. 379 к. 2/4, 339667",85893027605,valerija_1986@rambler.ru,"клх Верхотурье, пер. Киевский, д. 45 стр. 47, 341042",1990-12-12,2015-01-06,F,,79807,False,True
128,Абрамов Афанасий Арсеньевич,"п. Касимов, наб. Владимирская, д. 85 стр. 9, 880152",8 (893) 593-5006,rodion91@yahoo.com,"с. Барнаул, бул. Рыбацкий, д. 9, 245403",1975-11-13,2018-11-18,M,188947,73610,True,True
129,Большаков Эдуард Феликсович,"к. Витим, ш. Медицинское, д. 790, 807338",+75596472043,lsharapova@yahoo.com,"с. Темрюк, бул. Морской, д. 788 стр. 793, 907341",1991-03-05,2015-11-29,M,,76393,False,False
130,София Руслановна Сергеева,"д. Углич, пр. Юбилейный, д. 4 к. 34, 275714",8 (755) 798-2119,lukapahomov@yandex.ru,"д. Дивногорск, ш. Боровое, д. 97 к. 68, 272967",2000-07-07,2016-01-16,F,,111627,False,False
131,Эрнест Эдгардович Григорьев,"г. Партизанск, ул. Логовая, д. 1 к. 385, 991804",+7 273 276 79 54,hariton2010@mail.ru,"д. Тосно, бул. Трактовый, д. 3/6, 037586",1969-02-26,2014-09-26,M,,89232,False,False
132,Бобров Мстислав Матвеевич,"п. Мытищи, ул. Чапаева, д. 7 стр. 9, 614449",8 (837) 425-14-29,feoktist1975@yandex.ru,"г. Чикола, ш. Азина, д. 65, 782661",2000-08-09,2019-02-10,M,,71198,False,False
133,Валентина Леонидовна Капустина,"с. Тамбов, бул. Севастопольский, д. 508, 994163",8 (634) 899-47-58,ostap_2016@gmail.com,"с. Терскол, ш. Декабристов, д. 621 стр. 54, 448621",1972-12-23,2018-09-29,F,235622,67803,True,False
134,Калинина Жанна Романовна,"к. Петропавловск-Камчатский, пер. Свободный, д. 800 стр. 651, 148577",8 (642) 671-7105,julian84@rambler.ru,"п. Улан-Удэ, пер. Хуторской, д. 2/2 стр. 4/9, 470249",2000-03-13,2012-10-06,F,,94128,False,False
135,Милица Болеславовна Русакова,"с. Чегем, пр. Весенний, д. 26 стр. 668, 655515",+7 050 816 0745,ilja99@yahoo.com,"клх Баксан, ш. К.Маркса, д. 4, 258686",1969-05-18,2018-03-19,F,,77721,False,True
136,Элеонора Юрьевна Панова,"д. Кузнецк, пер. Подлесный, д. 181 стр. 96, 753901",+70078480409,zuevratmir@mail.ru,"д. Каневская, пер. Дружба, д. 5, 114797",1996-12-15,2019-09-05,F,,86286,False,True
137,Киселев Филимон Ярославович,"к. Шелехов, ул. Нахимова, д. 6 стр. 9/3, 976617",8 887 801 5765,nustinova@mail.ru,"д. Сасово, бул. Блюхера, д. 989 к. 65, 074495",1981-05-06,2015-03-13,M,,89960,False,False
138,Беспалов Денис Васильевич,"ст. Тында, бул. 30 лет Победы, д. 55 стр. 2/6, 155614",89275063939,anike1982@mail.ru,"г. Брянск, пер. Овражный, д. 5/1, 167881",1982-03-27,2017-08-14,M,,75504,False,False
139,Элеонора Владимировна Носкова,"д. Юровск, бул. Октябрьский, д. 121, 145648",88949775830,fadeevazoja@gmail.com,"п. Моршанск, пер. Шаумяна, д. 340 стр. 7/7, 413288",1989-12-12,2012-04-30,F,,98412,False,False
140,Орлов Евстафий Ерофеевич,"п. Зеленоград, пр. Орджоникидзе, д. 293 стр. 4/6, 287982",8 (714) 003-81-60,saveli_2014@yandex.ru,"к. Невьянск, ул. Ангарская, д. 39, 113535",1978-11-23,2012-04-21,M,,65158,False,True
141,Татьяна Федоровна Васильева,"г. Батайск, ул. Репина, д. 6, 800085",8 (632) 471-39-66,tverdislavtsvetkov@yandex.ru,"с. Пинега, бул. Заречный, д. 9, 371053",1994-03-03,2012-11-02,F,,78332,False,True
142,тов. Корнилов Осип Арсенович,"клх Йошкар-Ола, пер. Водопроводный, д. 954 к. 58, 735079",8 042 855 7969,ljubov63@yahoo.com,"д. Павловская, пр. Гражданский, д. 2 к. 2, 341230",1963-10-03,2012-12-09,M,,94938,False,False
143,Якушева Кира Яковлевна,"с. Барнаул, пер. Ломоносова, д. 55, 533070",+7 249 497 75 98,avgust1990@mail.ru,"с. Тамбей, пер. Хуторской, д. 7/8 стр. 9/4, 940442",1997-08-14,2017-06-08,F,,75332,False,True
144,Наина Тимофеевна Горбачева,"с. Кировск (Ленин.), бул. Выгонный, д. 39 стр. 67, 871244",+7 196 362 4570,vladlen2011@gmail.com,"г. Рязань, ш. Макаренко, д. 5, 503925",1988-12-18,2014-11-17,F,,79920,False,False
145,Лазарев Ян Гордеевич,"п. Белогорск (Амур.), бул. Новгородский, д. 710 к. 52, 500306",+7 857 161 62 18,konstantin_44@yahoo.com,"ст. Канск, ул. Некрасова, д. 5/5 к. 1, 973580",1989-01-19,2017-07-30,M,,102835,False,False
146,Шестаков Будимир Фадеевич,"г. Саров (Морд.), пр. Бабушкина, д. 99 к. 96, 704062",+7 279 258 5807,fominamaja@mail.ru,"п. Зарайск, ш. Февральское, д. 28, 118982",2001-12-20,2012-10-26,M,,101800,False,True
147,Селиверст Иосифович Потапов,"к. Меренга, алл. Степана Разина, д. 1/6, 188747",+7 026 263 3205,boleslav_27@mail.ru,"д. Магнитогорск, ул. Победа, д. 203 к. 69, 835080",1993-04-04,2012-01-30,M,,74610,False,True
148,Ковалев Феоктист Августович,"к. Железногорск(Курск.), бул. Бульварный, д. 5 к. 43, 415316",8 (621) 692-32-05,gmelnikov@yahoo.com,"г. Кудымкар, ш. Большое, д. 53, 593389",2002-03-28,2017-05-15,M,194425,78330,True,True
149,Ефрем Ильич Мясников,"к. Томари, наб. Ясная, д. 9 к. 98, 024646",8 (811) 480-3698,kkulagin@rambler.ru,"с. Дербент, бул. Прудный, д. 814 стр. 1/6, 018277",1976-12-28,2019-05-01,M,,89079,False,False
150,Лариса Мироновна Лапина,"г. Валдай, наб. Панфилова, д. 58, 340331",8 880 914 55 73,lapinamaja@rambler.ru,"к. Ряжск, ул. Азина, д. 88 стр. 14, 495641",1985-01-20,2018-04-16,F,,87623,False,True
151,Жанна Даниловна Харитонова,"к. Кирово-Чепецк, пр. Лесхозный, д. 10, 511611",8 579 722 8404,andreevajulija@yandex.ru,"д. Лысьва, пер. Ударный, д. 1/4, 910166",1982-02-03,2016-07-09,F,,64943,False,False
152,Молчанов Мир Фролович,"с. Партизанск, пер. Ольховый, д. 2 к. 9/5, 194419",+7 071 733 4452,alevtina_10@rambler.ru,"д. Туапсе, пер. Главный, д. 8 стр. 21, 624096",1999-10-21,2016-05-09,M,,93949,False,False
153,Любовь Егоровна Горбачева,"д. Кострома, наб. Фурманова, д. 6 к. 2, 270029",+7 (031) 176-5781,birjukovmstislav@hotmail.com,"д. Териберка, алл. Новгородская, д. 590 стр. 98, 833511",1970-05-09,2018-11-27,F,113295,67438,True,True
154,Иванна Вадимовна Сергеева,"д. Красноселькуп, пер. Щорса, д. 3/7, 600822",81365112607,suvorovasinklitikija@hotmail.com,"с. Усть-Илимск, пер. Солнечный, д. 3/7 к. 5, 804741",1996-02-01,2018-05-22,F,,78447,False,False
155,Федот Гавриилович Борисов,"с. Норильск, пр. Бажова, д. 4 стр. 326, 198306",+7 (120) 406-79-61,potapovemmanuil@yandex.ru,"с. Белокуриха, бул. Седова, д. 763, 222064",1972-04-11,2015-01-28,M,158477,97935,True,False
156,Дементьев Максим Терентьевич,"ст. Кузнецк, ш. Докучаева, д. 189, 980689",8 377 022 9491,kiselevaija@yandex.ru,"ст. Карабудахкент, пр. Амурский, д. 6/6 стр. 96, 402952",1980-12-11,2015-10-13,M,200013,93298,True,False
157,Кабанов Боян Архипович,"клх Горячинск, пер. 8 Марта, д. 4 стр. 22, 354030",+72749369106,fokinaalevtina@yahoo.com,"к. Яшкуль, наб. Нефтяников, д. 792 стр. 496, 143535",1987-08-25,2018-04-16,M,,95411,False,False
158,Устинов Дорофей Демьянович,"к. Оленек, пр. Томский, д. 896 стр. 56, 532158",87015894035,pantelemonkapustin@hotmail.com,"с. Ясный (Оренб.), ул. Краснодарская, д. 295 стр. 7, 919373",1990-11-16,2019-02-04,M,,74290,False,True
159,Антонова Евфросиния Леоновна,"д. Певек, бул. Есенина, д. 6, 452185",87109682696,gerasimovharlampi@yahoo.com,"клх Сасово, ул. Мусы Джалиля, д. 57 к. 5, 516549",1992-04-01,2016-11-19,F,,82248,False,False
160,Евпраксия Петровна Овчинникова,"п. Брянск, ул. Мирная, д. 79 к. 706, 549383",8 082 213 6854,hkudrjashov@mail.ru,"ст. Александров, пер. Краснопартизанский, д. 4/5, 115192",1979-05-16,2013-11-04,F,,84561,False,True
161,Лихачев Аркадий Евсеевич,"с. Дудинка, бул. Минина, д. 17 к. 2/8, 665277",82301268028,fadeevaemilija@yahoo.com,"д. Калязин, ш. Производственное, д. 550, 168638",1998-09-24,2013-08-16,M,,94538,False,False
162,Блохин Болеслав Феофанович,"г. Ноябрьск, пер. Орджоникидзе, д. 88 к. 2/6, 206706",8 733 308 0471,tkononova@gmail.com,"г. Торжок, ул. Пирогова, д. 73, 993987",1989-08-10,2017-03-04,M,,66895,False,False
163,Галкина Любовь Игоревна,"г. Волгодонск, ул. Рябиновая, д. 31 к. 9/6, 279913",80406795547,naina42@yandex.ru,"клх Можга, ул. Ильича, д. 2/6, 714662",1978-07-12,2016-03-30,F,,90101,False,False
164,Анисимов Парамон Арсеньевич,"д. Кизляр, ш. Красина, д. 6, 750819",8 (121) 670-81-69,demjantarasov@gmail.com,"клх Йошкар-Ола, бул. Партизанский, д. 7 к. 90, 572491",1991-10-28,2015-10-17,M,,107280,False,False
165,Любовь Геннадьевна Кулакова,"с. Самара, бул. Степной, д. 727 стр. 774, 613198",+76297245301,ruslan_88@yahoo.com,"д. Бронницы, наб. Медицинская, д. 5 стр. 59, 973534",1976-03-10,2013-06-09,F,298016,104132,True,False
166,Прасковья Эльдаровна Кабанова,"ст. Неплюевка, пер. Кольцевой, д. 96 к. 4, 358406",+7 (581) 203-97-36,gleb_2014@yahoo.com,"клх Тайшет, ул. Полтавская, д. 2/9, 016961",1979-03-20,2015-01-17,F,,103649,False,False
167,Волков Панфил Анатольевич,"к. Рязань, ш. Киевское, д. 9, 522799",83151294055,arkadiisaev@rambler.ru,"к. Быково (метеост.), пер. Фестивальный, д. 6/5 стр. 81, 040721",1995-06-06,2017-01-21,M,,95595,False,False
168,Богданова Таисия Макаровна,"г. Коломна, ул. Фрунзе, д. 3/6 к. 4, 524566",8 (884) 638-3820,gorde_73@yahoo.com,"к. Зеленоград, наб. Космодемьянской, д. 912 стр. 1/1, 142069",1963-06-29,2016-07-23,F,,66240,False,False
169,Исай Бориславович Блохин,"ст. Уренгой, алл. Димитрова, д. 45 к. 78, 871670",+7 788 373 09 20,bikovfoka@gmail.com,"д. Белый Яр (Томск.), ул. Горького, д. 64, 387100",1967-10-24,2012-08-13,M,,94546,False,False
170,Агафонова Евгения Натановна,"клх Моздок, пер. Щетинкина, д. 77 стр. 3/8, 599653",8 303 813 9372,varfolomesazonov@rambler.ru,"д. Каменск-Шахтинский, ул. Декабристов, д. 34 к. 6, 909423",1973-08-29,2018-01-17,F,,75714,False,True
171,Уваров Глеб Денисович,"с. Верхнее Пенжино, ул. Молодежная, д. 49 к. 7, 611510",88681821380,ratmir78@gmail.com,"д. Алапаевск, бул. Комсомольский, д. 9, 279537",1986-01-13,2017-09-24,M,,83523,False,False
172,Гришин Савелий Германович,"к. Петропавловск-Камчатский, пер. Павлова, д. 585, 992670",8 (362) 562-24-84,tihonovaraisa@hotmail.com,"ст. Новая Игирма, бул. Сахалинский, д. 1, 576233",1998-11-27,2016-07-01,M,,71354,False,True
173,Сидорова Регина Михайловна,"ст. Сосьва (Хант.), ул. Тракторная, д. 5 к. 5/6, 477064",+7 779 643 2700,fedoseevaskold@yahoo.com,"п. Слюдянка, бул. Ярославский, д. 89 стр. 24, 869674",1998-06-05,2013-11-30,F,,68234,False,True
174,Людмила Аскольдовна Меркушева,"клх Яшалта, ул. Королева, д. 41, 551079",+7 539 478 90 47,azari1989@yandex.ru,"к. Туапсе, ул. Каштановая, д. 6/7, 895208",1976-05-15,2013-07-25,F,,70082,False,True
175,Калинин Егор Витальевич,"д. Лабытнанги, пер. Санаторный, д. 2 к. 7/3, 937941",+7 (840) 656-4088,solomon75@gmail.com,"п. Киржач, пр. Механизаторов, д. 6/6 к. 6, 009503",2002-04-12,2012-03-06,M,,66287,False,True
176,Панкратий Эдгарович Лазарев,"к. Малоярославец, пр. Карла Либкнехта, д. 928 стр. 266, 750876",+70960923810,elizar_1996@mail.ru,"д. Верещагино (Перм.), наб. Пригородная, д. 679 к. 2, 646792",1974-07-14,2012-03-10,M,,72856,False,True
177,Комаров Евлампий Иосифович,"к. Муравленко, пр. Высотный, д. 7 стр. 354, 775343",+7 (699) 359-22-82,vladimirovsamuil@yandex.ru,"с. Буденновск, пр. Журавлева, д. 3/5 к. 630, 148374",1986-03-13,2018-05-17,M,182840,87530,True,True
178,Иванова Василиса Руслановна,"к. Курганинск, наб. Одесская, д. 828 стр. 4/3, 071888",8 (874) 307-53-77,tit2007@hotmail.com,"клх Луга, бул. Родниковый, д. 2, 510100",1978-12-07,2014-06-01,F,278110,79683,True,True
179,Калашникова Синклитикия Михайловна,"ст. Верещагино (Перм.), ул. Братская, д. 1/7 к. 80, 883204",88026666429,fomadementev@hotmail.com,"к. Орел, алл. Слободская, д. 46 стр. 97, 527995",1967-04-04,2017-01-21,F,252779,71271,True,False
180,Надежда Тимофеевна Дмитриева,"клх Буйнакск, ш. Тукая, д. 802 к. 15, 403451",8 728 676 61 45,popovamvrosi@hotmail.com,"д. Сибай, алл. Краснодарская, д. 1 стр. 42, 071649",1967-02-08,2012-11-15,F,,72796,False,False
181,Белова Виктория Даниловна,"п. Кизилюрт, ш. Ленинское, д. 9, 033341",8 368 525 04 01,ljubimkomarov@yandex.ru,"г. Андреаполь, ул. Трактовая, д. 4 стр. 53, 910128",2001-06-07,2012-05-04,F,247340,92651,True,False
182,Флорентин Елисеевич Русаков,"п. Звенигород, пр. Спартака, д. 2 стр. 757, 165673",+70194575496,antip41@rambler.ru,"с. Дно, пер. Макарова, д. 84 к. 6/9, 474973",1964-07-07,2013-03-07,M,,87720,False,True
183,Алексеева Мария Артемовна,"с. Мирный, алл. Депутатская, д. 249 стр. 8/8, 261179",+7 (846) 598-0447,ubirjukova@mail.ru,"к. Комсомольск-на-Амуре, наб. Ильича, д. 83 к. 65, 284497",2003-01-13,2014-09-19,F,,99399,False,False
184,Юлия Аркадьевна Блинова,"с. Тымовское, пр. Воронежский, д. 1/1 стр. 962, 119269",8 (613) 459-91-34,xkononova@mail.ru,"к. Кызыл, наб. Индустриальная, д. 1 к. 148, 549680",1996-07-30,2014-05-16,F,261302,77941,True,True
185,Лариса Кирилловна Лебедева,"с. Игнашино, наб. Осенняя, д. 5/5, 726288",8 276 619 26 18,kornil2020@gmail.com,"к. Сургут (Хант.), наб. Менделеева, д. 18 стр. 52, 153112",1974-09-28,2019-12-19,F,238426,89217,True,True
186,Виноградова Екатерина Эльдаровна,"клх Карабудахкент, пер. Окружной, д. 86 к. 9, 871322",+7 765 080 31 09,firs_1981@mail.ru,"п. Юрьевец (Иван.), ул. Курганная, д. 6 стр. 6/6, 109707",1964-04-05,2017-06-12,F,,82600,False,True
187,Лазарев Лонгин Иосипович,"клх Шенкурск, ул. Рылеева, д. 7/8, 304680",+7 (811) 128-02-88,pankrati_81@rambler.ru,"к. Шумиха, наб. Прохладная, д. 6/1 стр. 53, 415603",1988-05-11,2014-09-02,M,,76197,False,True
188,Ермаков Амвросий Фролович,"ст. Пинега, наб. Циолковского, д. 9, 932303",8 612 251 3972,antonin_23@hotmail.com,"с. Мончегорск, ул. Ленская, д. 8 к. 9/7, 444776",1963-11-14,2017-08-12,M,159136,93348,True,True
189,Журавлев Николай Филатович,"к. Лабинск, пер. Береговой, д. 685 стр. 73, 816585",8 264 367 9418,abramovanadezhda@yandex.ru,"д. Мичуринск, наб. Саратовская, д. 98 стр. 2, 041492",1995-03-03,2014-10-06,M,,86950,False,True
190,Маслов Антонин Дорофеевич,"ст. Южно-Сахалинск, алл. Железнодорожная, д. 8/8 к. 14, 780407",8 (991) 504-2953,potapovadarja@yandex.ru,"г. Курчатов, пр. Промышленный, д. 94 к. 781, 492730",1969-01-30,2018-02-02,M,121126,72272,True,False
191,Корнилова Антонина Максимовна,"с. Каменск-Уральский, наб. Мая 1, д. 7 к. 699, 481150",87754515061,lazar2019@gmail.com,"к. Тихорецк, ш. Щорса, д. 850 к. 9, 368139",1975-10-03,2018-12-30,F,,82796,False,True
192,Антонин Димитриевич Ефимов,"п. Хоста, бул. Буденного, д. 31, 584418",8 (421) 158-13-25,komissarovafevronija@yahoo.com,"ст. Кажим, ул. Иркутская, д. 4, 374365",1974-04-28,2015-12-15,M,234826,83931,True,True
193,Кузьмин Софрон Артурович,"к. Барнаул, пер. Береговой, д. 3/1 к. 8/2, 742568",+7 (843) 775-04-15,anatoli1980@hotmail.com,"ст. Партизанск, бул. Химиков, д. 93, 493621",1969-02-08,2017-03-31,M,109891,70357,True,False
194,Уварова Елена Эльдаровна,"д. Малоярославец, пр. Индустриальный, д. 8 к. 488, 531792",+7 224 020 81 12,kondrati_66@yahoo.com,"ст. Челябинск, бул. Гайдара, д. 7/4 к. 58, 292107",1963-06-30,2012-08-13,F,,85794,False,False
195,Агафонов Артемий Игнатьевич,"п. Хабаровск, ул. Октября, д. 1/7 стр. 6, 113340",8 (590) 166-94-10,ragafonov@mail.ru,"ст. Кировск (Мурм.), пр. Юности, д. 79, 585775",1998-06-25,2014-04-25,M,103173,73415,True,False
196,тов. Коновалова Любовь Рудольфовна,"ст. Кулунда, наб. Кошевого, д. 52 стр. 8/3, 244045",+71405634637,afanasevaninel@mail.ru,"к. Борзя, наб. Надежды, д. 77, 753573",1998-10-22,2017-05-25,F,,85995,False,True
197,Терентьева Алина Константиновна,"с. Майкоп, бул. 50 лет ВЛКСМ, д. 21 стр. 62, 257943",8 (863) 686-63-48,bnosov@yandex.ru,"ст. Петушки, пр. Широкий, д. 178 к. 28, 169010",1967-05-08,2014-12-04,F,245141,62460,True,True
198,Ларионов Артем Викторович,"к. Корсаков, наб. 40 лет Победы, д. 1, 842675",8 188 253 8822,braginkonon@hotmail.com,"п. Камень-на-Оби, пер. Буденного, д. 6, 413232",1991-12-19,2013-12-06,M,160725,86272,True,False
199,Орехова Лидия Рудольфовна,"д. Кош-Агач, пр. Ольховый, д. 7, 080881",85591364800,idementev@mail.ru,"к. Шадринск, наб. Водопроводная, д. 949 стр. 1, 230772",1962-08-20,2015-04-21,F,,59486,False,False
200,Фролов Изяслав Измаилович,"к. Сызрань, пер. Абрикосовый, д. 42 стр. 6/1, 268278",8 (121) 768-82-45,filipp_1975@mail.ru,"д. Ясный (Оренб.), алл. Абрикосовая, д. 2/2, 270210",1991-07-30,2017-08-08,M,,71117,False,False
