"id","client_id","product_category","product_company","amount","date_start","date_end"
"766278","825","29","","3990","2012-01-25",""
"658393","709","4","Яндекс.Музыка","199","2012-01-27","2020-02-27"
"354548","383","4","Boom","149","2012-01-28",""
"515830","556","4","Spotify","169","2012-02-01",""
"799560","862","4","YouTube Music","169","2012-02-20","2020-05-20"
"597370","643","4","YouTube Music","169","2012-02-28",""
"522160","562","29","","1778","2012-03-07",""
"692999","747","4","Apple Music","169","2012-03-09",""
"781838","843","4","Яндекс.Музыка","199","2012-03-28",""
"521377","562","4","Яндекс.Музыка","199","2012-05-09","2020-10-09"
"86701","93","29","","6595","2012-05-14",""
"464228","501","4","Google Play Музыка","159","2012-05-22",""
"414164","447","4","Яндекс.Музыка","199","2012-05-24",""
"306278","331","4","Google Play Музыка","159","2012-06-16","2020-08-16"
"48814","53","4","Spotify","169","2012-06-28",""
"115914","125","4","Google Play Музыка","159","2012-07-10",""
"591804","636","29","","4648","2012-08-12","2020-11-12"
"404943","436","29","","2184","2012-08-20","2020-12-20"
"784596","846","4","Spotify","169","2012-09-13","2020-05-13"
"512937","552","29","","4471","2012-09-14",""
"532483","574","4","Google Play Музыка","159","2012-10-07",""
"224591","243","4","Google Play Музыка","159","2012-10-17",""
"171571","186","4","YouTube Music","169","2012-11-07",""
"5675","6","29","","6578","2012-11-15",""
"864815","932","4","Apple Music","169","2012-11-16","2020-02-16"
"265900","288","4","Spotify","169","2013-01-16",""
"637443","686","4","YouTube Music","169","2013-01-20",""
"580381","624","29","","7367","2013-02-08","2020-09-08"
"444018","478","29","","5092","2013-02-28",""
"109365","118","4","Яндекс.Музыка","199","2013-03-17",""
"253082","274","4","Apple Music","169","2013-03-24","2020-03-24"
"248349","269","4","Spotify","169","2013-03-28",""
"117624","127","4","Яндекс.Музыка","199","2013-04-09","2020-07-09"
"703575","758","4","Spotify","169","2013-04-12",""
"335258","363","4","Google Play Музыка","159","2013-05-03",""
"558711","602","4","Яндекс.Музыка","199","2013-05-09","2020-04-09"
"384671","415","4","Spotify","169","2013-05-14","2020-07-14"
"404128","436","4","Яндекс.Музыка","199","2013-05-23",""
"357486","386","4","Boom","149","2013-05-24",""
"527768","569","4","Яндекс.Музыка","199","2013-05-25",""
"643932","692","29","","9556","2013-05-25",""
"818421","881","29","","4615","2013-06-06",""
"245607","266","4","Apple Music","169","2013-06-10",""
"723280","779","4","Apple Music","169","2013-06-13","2020-06-13"
"787291","849","4","Apple Music","169","2013-06-24",""
"565372","609","4","YouTube Music","169","2013-07-16","2020-03-16"
"293008","317","4","YouTube Music","169","2013-08-01",""
"377936","407","29","","5991","2013-08-08",""
"355469","383","29","","3236","2013-08-25",""
"277080","300","4","Boom","149","2013-09-03","2020-11-03"
"633696","682","4","Spotify","169","2013-09-03",""
"2857","4","4","Apple Music","169","2013-09-11","2020-06-11"
"315479","341","4","YouTube Music","169","2013-09-28",""
"276225","299","4","Google Play Музыка","159","2013-10-22","2020-02-22"
"525012","565","29","","2294","2013-10-26",""
"568156","612","4","Boom","149","2013-10-27",""
"907197","977","29","","1988","2013-11-16",""
"525983","567","4","Apple Music","169","2014-01-03",""
"36496","39","29","","1729","2014-01-05",""
"42069","45","29","","6089","2014-01-06",""
"414040","446","29","","2420","2014-01-07",""
"396831","428","4","Boom","149","2014-02-09",""
"489646","527","29","","8290","2014-02-11",""
"563492","607","4","Boom","149","2014-02-11",""
"339928","367","29","","7763","2014-02-12",""
"344170","372","4","Boom","149","2014-02-13",""
"516599","556","29","","9737","2014-02-14",""
"408528","441","4","Google Play Музыка","159","2014-02-18","2020-09-18"
"204929","221","29","","9704","2014-03-06","2020-05-06"
"422555","456","4","YouTube Music","169","2014-03-11",""
"469875","506","29","","5098","2014-03-12","2020-06-12"
"517718","558","4","Яндекс.Музыка","199","2014-03-16",""
"262297","284","4","Boom","149","2014-03-26",""
"211697","229","4","Boom","149","2014-04-10",""
"579495","624","4","Google Play Музыка","159","2014-04-25","2020-02-25"
"220279","238","4","Google Play Музыка","159","2014-05-04",""
"84908","91","29","","3224","2014-05-17",""
"511191","550","29","","3221","2014-06-12",""
"332439","359","29","","8843","2014-06-20",""
"642147","691","4","Apple Music","169","2014-06-22",""
"858294","925","4","YouTube Music","169","2014-06-27","2020-04-27"
"502182","541","4","Spotify","169","2014-06-28",""
"190738","207","4","Google Play Музыка","159","2014-07-04","2020-10-04"
"455163","491","4","YouTube Music","169","2014-07-06",""
"273325","296","4","Spotify","169","2014-07-26",""
"366788","395","29","","4731","2014-07-26","2020-12-26"
"523235","564","4","Boom","149","2014-08-02",""
"508423","548","4","Boom","149","2014-08-07","2020-07-07"
"840863","905","29","","5672","2014-08-09","2020-09-09"
"910139","980","29","","4526","2014-08-14",""
"182414","198","4","Google Play Музыка","159","2014-08-16",""
"742710","800","4","YouTube Music","169","2014-08-19","2020-10-19"
"746935","804","29","","3622","2014-08-20","2020-08-20"
"820391","883","29","","4930","2014-08-22",""
"682066","735","4","Apple Music","169","2014-09-10",""
"530572","572","4","Spotify","169","2014-09-13",""
"107616","116","4","Яндекс.Музыка","199","2014-09-18",""
"300595","325","4","YouTube Music","169","2014-09-19",""
"154266","167","4","Google Play Музыка","159","2014-10-13","2020-09-13"
"93397","101","4","Boom","149","2014-10-18","2020-04-18"
"85027","92","4","Яндекс.Музыка","199","2014-10-19","2020-05-19"
"395113","426","4","YouTube Music","169","2014-10-21",""
"4812","6","4","YouTube Music","169","2014-10-24",""
"223722","242","4","Boom","149","2014-10-26","2020-08-26"
"134323","145","4","Google Play Музыка","159","2014-11-05",""
"385628","416","4","Google Play Музыка","159","2014-11-12",""
"364974","394","4","YouTube Music","169","2014-11-13","2020-05-13"
"294887","318","29","","5577","2014-11-14",""
"850092","915","29","","1432","2014-11-21",""
"55941","61","4","Spotify","169","2014-11-24",""
"873189","941","4","Spotify","169","2014-11-25","2020-09-25"
"34478","37","29","","1209","2015-01-01",""
"820533","884","4","Spotify","169","2015-01-06","2020-11-06"
"91561","98","29","","3414","2015-01-09",""
"222021","240","4","Spotify","169","2015-01-10","2020-09-10"
"748663","806","29","","9687","2015-01-10","2020-06-10"
"849267","915","4","Google Play Музыка","159","2015-01-12",""
"44126","48","4","Google Play Музыка","159","2015-01-13",""
"303230","327","29","","4751","2015-01-16",""
"566233","609","29","","5659","2015-01-16",""
"570775","615","4","Яндекс.Музыка","199","2015-01-20",""
"855657","922","4","YouTube Music","169","2015-01-20",""
"510293","550","4","YouTube Music","169","2015-01-21",""
"71847","78","4","YouTube Music","169","2015-01-22",""
"630159","677","29","","3167","2015-01-22",""
"751540","810","4","Яндекс.Музыка","199","2015-01-27","2020-04-27"
"99993","108","4","Apple Music","169","2015-01-28",""
"925313","997","4","Яндекс.Музыка","199","2015-02-04",""
"21461","23","29","","8093","2015-02-05",""
"331707","359","4","Apple Music","169","2015-02-07",""
"688412","742","4","YouTube Music","169","2015-02-09",""
"375001","404","29","","6734","2015-02-10",""
"796606","858","29","","3540","2015-02-13",""
"518761","559","4","Boom","149","2015-02-22","2020-12-22"
"340072","368","4","Яндекс.Музыка","199","2015-02-28",""
"519681","560","4","Spotify","169","2015-03-02",""
"852105","918","4","Boom","149","2015-03-02","2020-02-02"
"504748","544","4","Boom","149","2015-03-06",""
"767434","827","4","Яндекс.Музыка","199","2015-03-11",""
"884933","953","29","","1269","2015-03-17",""
"139677","150","29","","7155","2015-03-19",""
"420686","454","4","YouTube Music","169","2015-04-02",""
"444155","479","4","Google Play Музыка","159","2015-04-04",""
"827943","892","4","Apple Music","169","2015-04-05",""
"529474","570","29","","6914","2015-04-10",""
"443196","478","4","Spotify","169","2015-04-13",""
"15095","17","4","Boom","149","2015-04-19",""
"436439","470","29","","1736","2015-04-19",""
"861129","928","4","Boom","149","2015-04-25",""
"918706","990","4","Boom","149","2015-04-26",""
"334400","362","4","YouTube Music","169","2015-05-05",""
"646713","696","4","Boom","149","2015-05-06",""
"104751","113","4","YouTube Music","169","2015-05-07","2020-06-07"
"188879","205","4","Google Play Музыка","159","2015-05-07","2020-09-07"
"494529","533","4","Google Play Музыка","159","2015-05-07",""
"95178","102","29","","9456","2015-05-09",""
"913831","984","29","","9335","2015-05-11",""
"341100","369","4","Boom","149","2015-05-13",""
"108360","116","29","","8357","2015-05-16",""
"721470","777","4","Apple Music","169","2015-05-21","2020-12-21"
"564464","608","4","Boom","149","2015-05-24",""
"405078","437","4","Google Play Музыка","159","2015-05-27",""
"114881","123","29","","9008","2015-05-28",""
"483116","521","4","Apple Music","169","2015-06-02",""
"575839","620","4","Spotify","169","2015-06-02",""
"146986","158","29","","8177","2015-06-06",""
"602928","648","29","","5734","2015-06-08",""
"31558","34","29","","5011","2015-06-09",""
"803422","866","4","Google Play Музыка","159","2015-06-09","2020-09-09"
"436571","471","4","Boom","149","2015-07-04",""
"177760","192","29","","1741","2015-07-10",""
"85759","92","29","","1686","2015-07-12",""
"252221","273","4","Яндекс.Музыка","199","2015-07-23",""
"296777","320","29","","9955","2015-08-07",""
"631156","679","4","Яндекс.Музыка","199","2015-08-07","2020-02-07"
"126940","136","29","","7993","2015-08-11",""
"506646","546","4","Яндекс.Музыка","199","2015-08-11",""
"94342","102","4","Google Play Музыка","159","2015-08-21",""
"652928","703","4","Spotify","169","2015-08-22","2020-04-22"
"203050","219","29","","6331","2015-09-04",""
"383799","414","4","Apple Music","169","2015-09-05",""
"923339","994","29","","6407","2015-09-11",""
"325105","351","29","","2550","2015-09-12",""
"319111","345","4","Boom","149","2015-09-14",""
"252080","272","29","","1196","2015-09-24",""
"405972","438","4","Boom","149","2015-09-25",""
"893254","963","4","Spotify","169","2015-10-03",""
"321685","348","4","YouTube Music","169","2015-10-09",""
"636431","685","4","Google Play Музыка","159","2015-10-14","2020-05-14"
"140736","152","4","Яндекс.Музыка","199","2015-10-15",""
"681015","733","29","","3738","2015-10-15",""
"708410","763","4","Boom","149","2015-10-19",""
"302288","326","29","","7157","2015-10-22",""
"377121","407","4","Google Play Музыка","159","2015-11-06",""
"30725","34","4","Google Play Музыка","159","2015-11-09",""
"862836","929","29","","5072","2015-11-10",""
"90696","98","4","Spotify","169","2015-11-12",""
"346029","373","29","","9793","2015-11-14","2020-11-14"
"893132","962","29","","2604","2015-11-16",""
"5800","7","4","Яндекс.Музыка","199","2015-11-20",""
"19664","22","4","Google Play Музыка","159","2015-11-26",""
"164475","178","4","Boom","149","2015-11-27",""
"637307","685","29","","2918","2015-11-27","2020-05-27"
"25176","28","4","Spotify","169","2016-01-04",""
"226530","245","4","YouTube Music","169","2016-01-07","2020-06-07"
"186943","202","29","","8289","2016-01-08",""
"790011","851","29","","1566","2016-01-14","2020-07-14"
"648630","698","4","Яндекс.Музыка","199","2016-01-18",""
"416993","450","4","Яндекс.Музыка","199","2016-01-21","2020-11-21"
"538137","580","4","Boom","149","2016-01-22",""
"769258","829","4","Яндекс.Музыка","199","2016-01-22","2020-05-22"
"266800","289","4","Boom","149","2016-01-25",""
"552918","595","29","","3046","2016-01-25","2020-09-25"
"675844","728","4","YouTube Music","169","2016-02-02",""
"306137","330","29","","7259","2016-02-04",""
"646568","695","29","","4045","2016-02-04",""
"607775","654","4","YouTube Music","169","2016-02-05",""
"631890","679","29","","1544","2016-02-19","2020-12-19"
"609530","655","29","","4975","2016-02-26",""
"838207","903","4","YouTube Music","169","2016-03-05","2020-11-05"
"54222","59","4","Apple Music","169","2016-03-08",""
"313492","338","29","","8627","2016-03-09",""
"273193","295","29","","4280","2016-03-11",""
"758979","817","29","","3691","2016-03-11",""
"22396","25","4","Google Play Музыка","159","2016-03-13","2020-09-13"
"84088","91","4","Boom","149","2016-03-13","2020-10-13"
"762851","822","4","Яндекс.Музыка","199","2016-03-21",""
"135232","146","4","Google Play Музыка","159","2016-04-04",""
"886054","955","4","Яндекс.Музыка","199","2016-04-06",""
"302421","327","4","Apple Music","169","2016-04-10",""
"41254","45","4","Boom","149","2016-04-14",""
"468120","505","4","Google Play Музыка","159","2016-04-14",""
"477197","514","29","","6310","2016-04-17",""
"353570","382","4","Яндекс.Музыка","199","2016-04-24",""
"425244","459","4","Яндекс.Музыка","199","2016-04-25",""
"131373","141","29","","7319","2016-05-01",""
"450481","485","29","","9541","2016-05-01",""
"232812","252","4","Apple Music","169","2016-05-05",""
"644904","694","4","YouTube Music","169","2016-05-06","2020-11-06"
"776529","837","4","YouTube Music","169","2016-05-09",""
"845635","911","4","Boom","149","2016-05-10",""
"851023","916","29","","9865","2016-05-10",""
"170762","185","4","YouTube Music","169","2016-05-13",""
"6609","7","29","","6779","2016-05-16",""
"685767","739","4","Spotify","169","2016-05-21",""
"824212","887","29","","1115","2016-06-02",""
"441306","476","4","Яндекс.Музыка","199","2016-06-03",""
"867561","935","4","Apple Music","169","2016-06-07",""
"513918","553","29","","2033","2016-06-11",""
"687485","741","4","YouTube Music","169","2016-06-13",""
"911851","982","29","","2003","2016-06-15",""
"236545","256","4","Google Play Музыка","159","2016-06-19",""
"906343","977","4","Google Play Музыка","159","2016-06-19",""
"868576","936","4","Google Play Музыка","159","2016-06-27",""
"63489","69","4","YouTube Music","169","2016-07-05",""
"514791","554","29","","1286","2016-07-06",""
"186213","202","4","Apple Music","169","2016-07-07",""
"743558","800","29","","8399","2016-07-11",""
"645774","695","4","Apple Music","169","2016-07-13",""
"842973","908","4","Яндекс.Музыка","199","2016-07-16",""
"319982","346","4","Яндекс.Музыка","199","2016-07-17",""
"345223","373","4","Spotify","169","2016-07-17",""
"887922","957","4","Apple Music","169","2016-07-25","2020-04-25"
"176977","192","4","YouTube Music","169","2016-07-28",""
"682938","735","29","","5861","2016-08-02",""
"316421","342","4","Spotify","169","2016-08-04",""
"560652","604","4","Apple Music","169","2016-08-04","2020-09-04"
"242804","263","4","Boom","149","2016-08-05",""
"516741","557","4","YouTube Music","169","2016-08-06",""
"903463","974","4","Google Play Музыка","159","2016-08-06","2020-04-06"
"390248","420","29","","7021","2016-08-07",""
"914817","985","29","","5389","2016-08-07",""
"856558","923","4","YouTube Music","169","2016-08-09",""
"205896","223","4","Google Play Музыка","159","2016-08-10","2020-11-10"
"755294","814","4","YouTube Music","169","2016-08-15",""
"512122","552","4","Boom","149","2016-08-16","2020-12-16"
"233699","253","4","Apple Music","169","2016-08-20",""
"326146","353","4","YouTube Music","169","2016-08-22",""
"760038","819","4","Apple Music","169","2016-08-22","2020-08-22"
"782597","843","29","","2032","2016-08-25","2020-07-25"
"848185","913","29","","8760","2016-09-01",""
"130686","141","4","Google Play Музыка","159","2016-09-02",""
"189693","205","29","","2916","2016-09-03",""
"139816","151","4","Boom","149","2016-09-10",""
"453403","488","29","","7429","2016-09-14","2020-05-14"
"119435","129","4","YouTube Music","169","2016-09-16",""
"491601","530","4","Apple Music","169","2016-09-16",""
"72855","79","4","YouTube Music","169","2016-09-21",""
"47824","52","4","Boom","149","2016-09-22",""
"643038","692","4","Google Play Музыка","159","2016-09-24",""
"779898","840","29","","6212","2016-09-26","2020-07-26"
"859248","926","4","Spotify","169","2016-09-26",""
"732599","789","4","Google Play Музыка","159","2016-09-28",""
"485043","523","4","Apple Music","169","2016-10-01","2020-10-01"
"724161","780","4","YouTube Music","169","2016-10-03",""
"453458","489","4","YouTube Music","169","2016-10-10","2020-03-10"
"902524","973","4","YouTube Music","169","2016-10-14",""
"200330","217","4","Google Play Музыка","159","2016-10-15","2020-10-15"
"51609","56","4","Яндекс.Музыка","199","2016-10-17",""
"552008","595","4","YouTube Music","169","2016-10-20",""
"64389","70","4","Google Play Музыка","159","2016-10-22",""
"146198","158","4","Яндекс.Музыка","199","2016-10-25","2020-07-25"
"418834","451","29","","9340","2016-10-25",""
"854804","921","4","Apple Music","169","2016-10-25",""
"910259","981","4","Яндекс.Музыка","199","2016-10-26","2020-10-26"
"553053","596","4","Яндекс.Музыка","199","2016-11-05",""
"394112","425","4","Spotify","169","2016-11-07",""
"528708","570","4","Google Play Музыка","159","2016-11-09",""
"336143","363","29","","1478","2016-11-13",""
"565251","608","29","","2432","2016-11-17",""
"198469","215","4","Яндекс.Музыка","199","2016-11-24","2020-03-24"
"813005","876","4","Яндекс.Музыка","199","2016-11-27","2020-07-27"
"658264","708","29","","9448","2017-01-01",""
"24188","26","29","","7942","2017-01-02","2020-03-02"
"199340","215","29","","4963","2017-01-04",""
"319926","345","29","","8963","2017-01-07",""
"399661","431","4","Spotify","169","2017-01-07",""
"10402","11","29","","3490","2017-01-11",""
"769137","828","29","","4436","2017-01-11","2020-12-11"
"38378","41","29","","1329","2017-01-13",""
"305285","330","4","Boom","149","2017-01-14",""
"3654","4","29","","3878","2017-01-15",""
"459656","495","29","","7815","2017-01-17",""
"89782","97","4","Яндекс.Музыка","199","2017-01-18",""
"158121","171","4","Spotify","169","2017-01-18",""
"386558","417","4","Google Play Музыка","159","2017-01-18",""
"431098","465","4","Яндекс.Музыка","199","2017-01-18","2020-07-18"
"486813","524","29","","8612","2017-01-18","2020-06-18"
"465121","502","4","Spotify","169","2017-01-19",""
"280638","304","4","Apple Music","169","2017-01-23","2020-03-23"
"774590","835","4","Spotify","169","2017-01-23",""
"561577","605","4","Яндекс.Музыка","199","2017-01-24","2020-09-24"
"857401","923","29","","5752","2017-01-26",""
"879561","948","4","Apple Music","169","2017-01-26",""
"713137","768","4","Google Play Музыка","159","2017-02-01","2020-03-01"
"823233","886","29","","6299","2017-02-05",""
"98997","107","4","Apple Music","169","2017-02-07",""
"926222","997","29","","7494","2017-02-08",""
"415182","448","4","Spotify","169","2017-02-10",""
"539037","581","4","Spotify","169","2017-02-15",""
"400656","432","4","Google Play Музыка","159","2017-02-16",""
"474417","511","29","","6295","2017-02-20",""
"255787","277","4","Apple Music","169","2017-02-21",""
"368585","397","29","","5705","2017-02-23",""
"310604","335","29","","5691","2017-02-25",""
"764597","824","4","Apple Music","169","2017-02-27",""
"241010","260","29","","9226","2017-02-28",""
"639315","688","4","Google Play Музыка","159","2017-02-28",""
"369594","399","4","YouTube Music","169","2017-03-03",""
"560532","603","29","","6953","2017-03-04",""
"37635","41","4","Spotify","169","2017-03-05","2020-07-05"
"217189","234","29","","4274","2017-03-09",""
"829712","894","4","Яндекс.Музыка","199","2017-03-09",""
"498187","537","4","Google Play Музыка","159","2017-03-12",""
"550107","593","4","Яндекс.Музыка","199","2017-03-14","2020-02-14"
"657287","707","29","","8692","2017-03-16",""
"1964","3","4","YouTube Music","169","2017-03-19",""
"70937","77","4","Яндекс.Музыка","199","2017-03-21",""
"487725","525","29","","9539","2017-03-21",""
"113155","122","4","Spotify","169","2017-03-23",""
"175170","190","4","YouTube Music","169","2017-03-23",""
"343000","370","29","","6087","2017-03-26",""
"831707","896","4","Spotify","169","2017-03-27",""
"82186","88","29","","3711","2017-04-01",""
"533318","574","29","","9037","2017-04-01",""
"549253","592","4","Google Play Музыка","159","2017-04-03",""
"900410","970","29","","6259","2017-04-03",""
"708351","762","29","","3536","2017-04-04",""
"113103","121","29","","2158","2017-04-05",""
"392127","422","29","","3035","2017-04-05",""
"705566","760","4","Google Play Музыка","159","2017-04-08","2020-10-08"
"474540","512","4","Spotify","169","2017-04-09",""
"263172","284","29","","6799","2017-04-11",""
"860196","927","4","Boom","149","2017-04-11",""
"578503","623","4","YouTube Music","169","2017-04-12",""
"570640","614","29","","5447","2017-04-14",""
"763640","823","4","Boom","149","2017-04-14",""
"833519","897","29","","5814","2017-04-17","2020-04-17"
"569847","614","4","Яндекс.Музыка","199","2017-04-20","2020-10-20"
"600107","645","29","","8103","2017-04-20","2020-12-20"
"666810","718","4","Boom","149","2017-04-22",""
"206833","224","4","YouTube Music","169","2017-04-24",""
"318328","344","4","Spotify","169","2017-05-03","2020-09-03"
"265788","287","29","","3315","2017-05-07",""
"9597","11","4","Яндекс.Музыка","199","2017-05-08","2020-08-08"
"165400","179","4","Apple Music","169","2017-05-09","2020-02-09"
"230260","249","4","Google Play Музыка","159","2017-05-10",""
"279574","302","29","","2874","2017-05-10",""
"498129","536","29","","9743","2017-05-10",""
"250149","270","29","","9102","2017-05-11",""
"225521","244","4","Google Play Музыка","159","2017-05-12","2020-06-12"
"573582","617","29","","6316","2017-05-15",""
"95317","103","4","Boom","149","2017-05-16",""
"568094","611","29","","1084","2017-05-16",""
"808245","870","29","","1644","2017-05-16",""
"214427","231","29","","1818","2017-05-17","2020-02-17"
"371389","401","4","Яндекс.Музыка","199","2017-05-19","2020-10-19"
"337086","364","29","","1408","2017-05-20",""
"546295","588","29","","9964","2017-05-21",""
"716951","772","4","Яндекс.Музыка","199","2017-05-25",""
"447758","482","29","","2278","2017-05-26",""
"767311","826","29","","7917","2017-05-28",""
"428142","461","29","","8552","2017-06-02",""
"824345","888","4","Apple Music","169","2017-06-02",""
"39466","43","4","Google Play Музыка","159","2017-06-07",""
"115026","124","4","Яндекс.Музыка","199","2017-06-09",""
"714919","769","29","","3626","2017-06-10",""
"288085","311","29","","2931","2017-06-11","2020-05-11"
"168074","182","4","Spotify","169","2017-06-15",""
"657348","708","4","YouTube Music","169","2017-06-16","2020-11-16"
"612474","659","4","YouTube Music","169","2017-06-18",""
"766406","826","4","Google Play Музыка","159","2017-06-18",""
"908382","979","4","YouTube Music","169","2017-06-20",""
"676666","729","4","Google Play Музыка","159","2017-06-22",""
"312551","337","29","","7987","2017-06-23",""
"555818","598","29","","3755","2017-06-23",""
"725115","781","4","Apple Music","169","2017-06-23",""
"503077","542","4","Google Play Музыка","159","2017-06-24",""
"463170","499","29","","1292","2017-06-25",""
"191659","208","4","Apple Music","169","2017-06-26",""
"435661","470","4","Яндекс.Музыка","199","2017-06-26",""
"804271","866","29","","9518","2017-06-27",""
"153341","166","4","Boom","149","2017-07-04",""
"707366","761","29","","3972","2017-07-04",""
"81395","88","4","Spotify","169","2017-07-06","2020-05-06"
"137841","149","4","Spotify","169","2017-07-07",""
"812012","875","4","Яндекс.Музыка","199","2017-07-11",""
"892164","961","29","","2744","2017-07-11",""
"51488","55","29","","7245","2017-07-14",""
"729579","785","29","","8899","2017-07-20",""
"363994","393","4","Apple Music","169","2017-07-22",""
"174103","188","29","","1356","2017-07-24",""
"548167","590","29","","4971","2017-07-26","2020-04-26"
"722375","778","4","Apple Music","169","2017-08-03","2020-12-03"
"54174","58","29","","5318","2017-08-09","2020-05-09"
"617798","664","29","","7467","2017-08-11",""
"75458","81","29","","5530","2017-08-13",""
"892284","962","4","Boom","149","2017-08-14","2020-09-14"
"517575","557","29","","5099","2017-08-17",""
"803294","865","29","","1238","2017-08-17",""
"381826","411","29","","3071","2017-08-19",""
"785388","846","29","","1976","2017-08-19",""
"67329","73","4","Google Play Музыка","159","2017-08-21",""
"617004","664","4","Яндекс.Музыка","199","2017-08-22",""
"249210","269","29","","7868","2017-08-25","2020-06-25"
"340960","368","29","","1224","2017-08-27",""
"429206","463","4","Boom","149","2017-09-07",""
"821393","885","4","Яндекс.Музыка","199","2017-09-08",""
"241071","261","4","Google Play Музыка","159","2017-09-10",""
"673189","725","4","Яндекс.Музыка","199","2017-09-10",""
"176071","191","4","Google Play Музыка","159","2017-09-14",""
"381951","412","4","Spotify","169","2017-09-14",""
"704553","759","4","Google Play Музыка","159","2017-09-16",""
"568924","613","4","YouTube Music","169","2017-09-17",""
"757108","816","4","Apple Music","169","2017-09-17",""
"241842","261","29","","7592","2017-09-19",""
"253030","273","29","","5562","2017-09-20",""
"286396","310","4","YouTube Music","169","2017-09-20",""
"458864","495","4","Apple Music","169","2017-09-21",""
"439336","473","29","","1821","2017-09-23",""
"798487","860","29","","7328","2017-09-23",""
"20527","22","29","","2848","2017-09-28","2020-07-28"
"227486","246","4","Яндекс.Музыка","199","2017-09-28",""
"484918","522","29","","5990","2017-10-01",""
"100997","109","4","YouTube Music","169","2017-10-02",""
"137789","148","29","","4135","2017-10-06",""
"251157","272","4","YouTube Music","169","2017-10-10",""
"476430","514","4","Яндекс.Музыка","199","2017-10-10",""
"99869","107","29","","4545","2017-10-11",""
"588111","633","4","YouTube Music","169","2017-10-11",""
"421478","454","29","","3108","2017-10-12",""
"264108","286","4","Boom","149","2017-10-14",""
"886967","956","4","Boom","149","2017-10-14",""
"559510","602","29","","8364","2017-10-17",""
"599340","645","4","Google Play Музыка","159","2017-10-22",""
"608687","655","4","Apple Music","169","2017-10-22",""
"716814","771","29","","8825","2017-10-23",""
"116660","125","29","","4304","2017-10-24",""
"525922","566","29","","9401","2017-10-26",""
"222772","240","29","","1662","2017-10-27","2020-10-27"
"231027","250","4","Apple Music","169","2017-10-28","2020-04-28"
"365966","395","4","Яндекс.Музыка","199","2017-10-28","2020-06-28"
"161639","174","29","","9917","2017-11-02",""
"65257","70","29","","5472","2017-11-04",""
"375146","405","4","Spotify","169","2017-11-04",""
"926370","998","4","Spotify","169","2017-11-06",""
"691106","745","4","Яндекс.Музыка","199","2017-11-07",""
"13244","15","4","Spotify","169","2017-11-09",""
"611519","658","4","Google Play Музыка","159","2017-11-10",""
"846500","912","4","Boom","149","2017-11-10",""
"913972","985","4","Apple Music","169","2017-11-11",""
"830499","894","29","","6467","2017-11-13",""
"623644","671","4","Boom","149","2017-11-16",""
"890466","960","4","Яндекс.Музыка","199","2017-11-16",""
"499059","537","29","","1725","2017-11-18",""
"615178","662","4","Apple Music","169","2017-11-18",""
"774461","834","29","","3149","2017-11-18","2020-04-18"
"440310","475","4","Apple Music","169","2017-11-23",""
"14969","16","29","","7382","2017-11-24",""
"788108","849","29","","7992","2017-11-24","2020-04-24"
"476311","513","29","","5266","2017-11-25",""
"758132","817","4","Google Play Музыка","159","2017-11-27",""
"373168","402","29","","5824","2017-11-28",""
"380036","410","4","YouTube Music","169","2018-01-03",""
"786325","848","4","Spotify","169","2018-01-03",""
"149798","162","4","Apple Music","169","2018-01-04",""
"796730","859","4","Яндекс.Музыка","199","2018-01-04","2020-05-04"
"497206","535","29","","9191","2018-01-06",""
"783672","845","4","Google Play Музыка","159","2018-01-07",""
"212686","230","4","YouTube Music","169","2018-01-08","2020-03-08"
"395915","426","29","","3183","2018-01-09",""
"742578","799","29","","3442","2018-01-09","2020-07-09"
"775481","835","29","","1860","2018-01-09",""
"289102","313","4","Apple Music","169","2018-01-11",""
"457109","493","4","YouTube Music","169","2018-01-13",""
"842018","907","4","Boom","149","2018-01-14",""
"456169","492","4","Google Play Музыка","159","2018-01-15",""
"470852","508","4","Яндекс.Музыка","199","2018-01-17",""
"559652","603","4","Google Play Музыка","159","2018-01-19",""
"280584","303","29","","4500","2018-01-21","2020-12-21"
"700804","754","29","","8360","2018-01-21",""
"70812","76","29","","7461","2018-01-26",""
"454393","490","4","Boom","149","2018-01-26",""
"846443","911","29","","1683","2018-01-26",""
"735033","791","29","","6366","2018-01-27",""
"562595","606","4","Google Play Музыка","159","2018-01-28",""
"628310","676","4","YouTube Music","169","2018-01-28",""
"419805","453","4","Spotify","169","2018-02-01",""
"360330","389","4","Google Play Музыка","159","2018-02-02","2020-05-02"
"10532","12","4","Google Play Музыка","159","2018-02-05","2020-02-05"
"465929","502","29","","5569","2018-02-05",""
"659337","710","4","Google Play Музыка","159","2018-02-05",""
"197552","214","4","YouTube Music","169","2018-02-06",""
"577638","622","4","Spotify","169","2018-02-06","2020-02-06"
"606744","652","29","","4243","2018-02-06",""
"488788","527","4","Google Play Музыка","159","2018-02-07",""
"621443","668","29","","5609","2018-02-10",""
"410207","442","29","","6970","2018-02-11","2020-09-11"
"112240","121","4","Google Play Музыка","159","2018-02-15",""
"57751","62","29","","4660","2018-02-16","2020-02-16"
"346171","374","4","Google Play Музыка","159","2018-02-16",""
"472677","510","4","Яндекс.Музыка","199","2018-02-17",""
"20667","23","4","Яндекс.Музыка","199","2018-02-18",""
"562463","605","29","","1018","2018-02-18",""
"726894","783","4","Яндекс.Музыка","199","2018-02-19",""
"894165","964","4","Apple Music","169","2018-02-19","2020-12-19"
"895855","965","29","","9932","2018-02-19",""
"538006","579","29","","3607","2018-02-20",""
"487848","526","4","Apple Music","169","2018-02-23",""
"829589","893","29","","1721","2018-02-24",""
"272290","295","4","Google Play Музыка","159","2018-03-01","2020-04-01"
"289051","312","29","","9596","2018-03-03","2020-06-03"
"715870","770","29","","3640","2018-03-03",""
"316280","341","29","","3537","2018-03-04",""
"157033","169","29","","7592","2018-03-06",""
"566376","610","4","Spotify","169","2018-03-08",""
"150644","162","29","","5857","2018-03-09","2020-10-09"
"141474","152","29","","9464","2018-03-11","2020-02-11"
"511309","551","4","Spotify","169","2018-03-11",""
"808384","871","4","Boom","149","2018-03-16","2020-11-16"
"818551","882","4","YouTube Music","169","2018-03-16",""
"823373","887","4","Apple Music","169","2018-03-19",""
"590981","636","4","Boom","149","2018-03-20",""
"16806","19","4","Spotify","169","2018-03-21",""
"106697","115","4","YouTube Music","169","2018-03-21",""
"72737","78","29","","5699","2018-03-22",""
"207703","224","29","","1314","2018-03-25",""
"919644","991","4","Яндекс.Музыка","199","2018-04-02",""
"696865","750","29","","8577","2018-04-03",""
"780007","841","4","Boom","149","2018-04-03","2020-04-03"
"699872","753","29","","6716","2018-04-04",""
"275050","297","29","","9356","2018-04-06",""
"811035","873","29","","6857","2018-04-06",""
"175031","189","29","","2741","2018-04-08","2020-07-08"
"392239","423","4","Google Play Музыка","159","2018-04-09",""
"396692","427","29","","9447","2018-04-10",""
"544471","586","29","","6481","2018-04-10",""
"61542","67","4","YouTube Music","169","2018-04-12",""
"237469","257","4","YouTube Music","169","2018-04-13",""
"670402","722","4","Яндекс.Музыка","199","2018-04-13",""
"183319","199","4","Spotify","169","2018-04-14",""
"736015","793","4","Apple Music","169","2018-04-15",""
"923401","995","4","Google Play Музыка","159","2018-04-16","2020-08-16"
"904429","975","4","Apple Music","169","2018-04-17","2020-03-17"
"911974","983","4","Яндекс.Музыка","199","2018-04-17",""
"469070","506","4","Google Play Музыка","159","2018-04-20",""
"290128","314","4","Google Play Музыка","159","2018-04-22","2020-10-22"
"284551","308","4","Google Play Музыка","159","2018-04-23","2020-05-23"
"479208","517","4","YouTube Music","169","2018-04-23",""
"690112","743","29","","5194","2018-04-25",""
"449683","485","4","Яндекс.Музыка","199","2018-04-26",""
"881251","950","4","Google Play Музыка","159","2018-04-26",""
"207843","225","4","YouTube Music","169","2018-05-01",""
"144281","155","29","","4577","2018-05-04",""
"260324","282","4","YouTube Music","169","2018-05-04",""
"454248","489","29","","8374","2018-05-07",""
"338014","365","29","","3594","2018-05-10",""
"819536","883","4","Apple Music","169","2018-05-10","2020-03-10"
"68047","73","29","","5135","2018-05-14",""
"903334","973","29","","9742","2018-05-14",""
"46009","50","4","YouTube Music","169","2018-05-18","2020-04-18"
"445956","481","4","Google Play Музыка","159","2018-05-18","2020-03-18"
"257530","279","4","Google Play Музыка","159","2018-05-20",""
"861990","929","4","Apple Music","169","2018-05-23","2020-12-23"
"339145","367","4","Apple Music","169","2018-06-04",""
"826092","890","4","Google Play Музыка","159","2018-06-04",""
"870181","937","29","","8918","2018-06-04",""
"581342","625","29","","3463","2018-06-05",""
"146079","157","29","","1029","2018-06-06","2020-10-06"
"113932","122","29","","6985","2018-06-09",""
"126118","136","4","Apple Music","169","2018-06-10",""
"904314","974","29","","7417","2018-06-12","2020-09-12"
"292083","316","4","Google Play Музыка","159","2018-06-19","2020-09-19"
"700929","755","4","Яндекс.Музыка","199","2018-06-19",""
"815848","879","4","Яндекс.Музыка","199","2018-06-20",""
"477345","515","4","Boom","149","2018-06-21",""
"755170","813","29","","1675","2018-06-24",""
"528567","569","29","","1831","2018-06-25",""
"686671","740","4","Spotify","169","2018-06-25",""
"286335","309","29","","4871","2018-06-26",""
"256604","278","4","Яндекс.Музыка","199","2018-06-27","2020-07-27"
"495505","534","4","YouTube Music","169","2018-06-27",""
"863831","931","4","Boom","149","2018-06-27",""
"7583","8","29","","4496","2018-06-28",""
"795731","858","4","Boom","149","2018-07-01",""
"828802","893","4","Google Play Музыка","159","2018-07-01","2020-12-01"
"685713","738","29","","8480","2018-07-03",""
"143248","154","29","","7034","2018-07-06",""
"253814","274","29","","5900","2018-07-08",""
"403321","435","4","YouTube Music","169","2018-07-11","2020-02-11"
"542693","585","4","Boom","149","2018-07-11",""
"858238","924","29","","2129","2018-07-13",""
"466060","503","4","Apple Music","169","2018-07-14",""
"371333","400","29","","7982","2018-07-16",""
"706519","761","4","Spotify","169","2018-07-16",""
"811093","874","4","Яндекс.Музыка","199","2018-07-17",""
"598345","644","4","Яндекс.Музыка","199","2018-07-18",""
"349717","377","29","","5025","2018-07-19",""
"200208","216","29","","8596","2018-07-20",""
"924300","996","4","Google Play Музыка","159","2018-07-20","2020-02-20"
"707425","762","4","Яндекс.Музыка","199","2018-07-22",""
"101823","109","29","","1258","2018-07-25",""
"388388","418","29","","8387","2018-07-25","2020-03-25"
"155295","168","4","Boom","149","2018-07-28",""
"149665","161","29","","7029","2018-08-04",""
"31618","35","4","Яндекс.Музыка","199","2018-08-05",""
"125993","135","29","","6176","2018-08-05",""
"52528","57","4","Spotify","169","2018-08-06",""
"615054","661","29","","3302","2018-08-06",""
"356504","385","4","Google Play Музыка","159","2018-08-08",""
"863710","930","29","","6399","2018-08-08",""
"350811","379","4","YouTube Music","169","2018-08-09",""
"305135","329","29","","1915","2018-08-11",""
"891349","961","4","Яндекс.Музыка","199","2018-08-11",""
"143393","155","4","Apple Music","169","2018-08-13",""
"285335","308","29","","6350","2018-08-13","2020-07-13"
"788972","850","29","","9712","2018-08-13",""
"751486","809","29","","1019","2018-08-18",""
"525131","566","4","Boom","149","2018-08-20",""
"833644","898","4","YouTube Music","169","2018-08-21",""
"177817","193","4","Яндекс.Музыка","199","2018-08-22",""
"661097","711","29","","5998","2018-08-24",""
"652036","701","29","","4377","2018-08-26",""
"81255","87","29","","4651","2018-08-27",""
"339014","366","29","","4961","2018-09-01","2020-10-01"
"836440","901","4","Boom","149","2018-09-01",""
"271324","294","4","Boom","149","2018-09-03",""
"90570","97","29","","8648","2018-09-07",""
"370541","400","4","Apple Music","169","2018-09-08","2020-10-08"
"545539","588","4","Яндекс.Музыка","199","2018-09-08",""
"357352","385","29","","1926","2018-09-10","2020-02-10"
"365833","394","29","","2452","2018-09-10",""
"623525","670","29","","6176","2018-09-10",""
"524018","564","29","","9565","2018-09-12",""
"320783","347","4","Google Play Музыка","159","2018-09-14",""
"927249","998","29","","2650","2018-09-15",""
"351591","379","29","","2574","2018-09-20",""
"29789","33","4","Boom","149","2018-09-21",""
"826981","891","4","Apple Music","169","2018-09-21","2020-08-21"
"431047","464","29","","5648","2018-09-22","2020-02-22"
"415995","448","29","","5441","2018-09-23",""
"799429","861","29","","4651","2018-09-26",""
"275188","298","4","Яндекс.Музыка","199","2018-09-27",""
"361121","389","29","","9855","2018-09-27",""
"382908","413","4","Apple Music","169","2018-09-28",""
"162567","175","29","","2242","2018-10-01",""
"324279","351","4","Spotify","169","2018-10-01",""
"196407","212","29","","4322","2018-10-02",""
"222827","241","4","Apple Music","169","2018-10-03","2020-09-03"
"564342","607","29","","8811","2018-10-05",""
"606866","653","4","Spotify","169","2018-10-09",""
"78506","85","4","Google Play Музыка","159","2018-10-12","2020-08-12"
"145205","157","4","YouTube Music","169","2018-10-13",""
"489769","528","4","Spotify","169","2018-10-14","2020-11-14"
"46892","51","4","Яндекс.Музыка","199","2018-10-15",""
"715056","770","4","Boom","149","2018-10-16","2020-11-16"
"66431","72","4","Spotify","169","2018-10-17",""
"125120","135","4","Яндекс.Музыка","199","2018-10-17",""
"532356","573","29","","3240","2018-10-17",""
"314534","340","4","Google Play Музыка","159","2018-10-18",""
"756274","815","4","Boom","149","2018-10-19",""
"434802","469","4","Apple Music","169","2018-10-20","2020-03-20"
"593751","639","4","Spotify","169","2018-10-22",""
"523123","563","29","","8443","2018-10-23","2020-04-23"
"632028","680","4","Spotify","169","2018-10-25","2020-07-25"
"15983","18","4","Яндекс.Музыка","199","2018-10-27",""
"922428","993","29","","3140","2018-10-28",""
"388518","419","4","Яндекс.Музыка","199","2018-11-01",""
"33582","37","4","Spotify","169","2018-11-04",""
"384541","414","29","","4393","2018-11-04",""
"368712","398","4","Яндекс.Музыка","199","2018-11-06",""
"662942","713","29","","6378","2018-11-06",""
"747879","806","4","Google Play Музыка","159","2018-11-12",""
"380859","410","29","","8993","2018-11-14",""
"611402","657","29","","1645","2018-11-14",""
"165276","178","29","","2315","2018-11-15","2020-05-15"
"338132","366","4","Boom","149","2018-11-15",""
"513976","554","4","YouTube Music","169","2018-11-19","2020-07-19"
"293999","318","4","Google Play Музыка","159","2018-11-22",""
"733293","789","29","","4060","2018-11-23",""
"268599","291","4","Яндекс.Музыка","199","2018-11-24",""
"592888","638","4","Boom","149","2018-11-26",""
"320724","346","29","","6573","2018-11-27",""
"173330","188","4","Boom","149","2019-01-02",""
"522311","563","4","Яндекс.Музыка","199","2019-01-02",""
"59727","65","4","YouTube Music","169","2019-01-04",""
"438506","473","4","Boom","149","2019-01-04",""
"748798","807","4","YouTube Music","169","2019-01-04",""
"55880","60","29","","5995","2019-01-06",""
"158904","171","29","","1740","2019-01-07",""
"76432","82","29","","1521","2019-01-08",""
"104699","112","29","","4437","2019-01-08",""
"512065","551","29","","1057","2019-01-12",""
"12356","14","4","Boom","149","2019-01-13",""
"589893","634","29","","7616","2019-01-14","2020-09-14"
"850236","916","4","Spotify","169","2019-01-16","2020-09-16"
"678357","730","29","","1054","2019-01-18",""
"752499","811","4","Spotify","169","2019-01-19",""
"877758","946","4","Google Play Музыка","159","2019-01-19",""
"360208","388","29","","6001","2019-01-20","2020-11-20"
"68915","74","29","","2567","2019-01-22",""
"322520","349","4","YouTube Music","169","2019-01-22",""
"768389","828","4","Spotify","169","2019-01-23",""
"919514","990","29","","1273","2019-01-23",""
"805425","868","4","Яндекс.Музыка","199","2019-01-25",""
"713937","768","29","","3285","2019-01-26","2020-11-26"
"297856","322","4","Boom","149","2019-01-28",""
"397841","429","4","Apple Music","169","2019-02-02",""
"157151","170","4","Google Play Музыка","159","2019-02-03",""
"433764","467","29","","3552","2019-02-05",""
"825212","889","4","Google Play Музыка","159","2019-02-06","2020-05-06"
"482981","520","29","","8033","2019-02-08","2020-12-08"
"730631","787","4","Boom","149","2019-02-08",""
"226401","244","29","","3482","2019-02-11",""
"456986","492","29","","1234","2019-02-11","2020-09-11"
"633576","681","29","","9912","2019-02-11",""
"756122","814","29","","2637","2019-02-11",""
"80371","86","29","","6181","2019-02-12",""
"218332","236","4","YouTube Music","169","2019-02-12",""
"600221","646","4","Яндекс.Музыка","199","2019-02-12",""
"269545","292","4","YouTube Music","169","2019-02-16",""
"581477","626","4","Яндекс.Музыка","199","2019-02-16","2020-10-16"
"825100","888","29","","5895","2019-02-16","2020-04-16"
"353438","381","29","","8154","2019-02-17",""
"669559","721","4","YouTube Music","169","2019-02-17",""
"916799","988","4","Boom","149","2019-02-17",""
"55017","59","29","","2740","2019-02-18",""
"572662","617","4","Яндекс.Музыка","199","2019-02-18",""
"793026","855","4","Яндекс.Музыка","199","2019-02-18","2020-03-18"
"34617","38","4","Boom","149","2019-02-20",""
"667700","719","4","YouTube Music","169","2019-02-20",""
"11407","13","4","YouTube Music","169","2019-02-21",""
"783538","844","29","","8618","2019-02-22",""
"873053","940","29","","5928","2019-02-22",""
"434747","468","29","","9016","2019-02-23",""
"82309","89","4","YouTube Music","169","2019-02-25","2020-10-25"
"443084","477","29","","6245","2019-02-25","2020-02-25"
"653769","704","4","Boom","149","2019-02-26","2020-02-26"
"771975","832","4","YouTube Music","169","2019-02-26",""
"826849","890","29","","1231","2019-02-26",""
"96230","104","4","Spotify","169","2019-02-27","2020-11-27"
"83113","89","29","","6443","2019-03-01",""
"409492","442","4","Boom","149","2019-03-01","2020-09-01"
"174228","189","4","Google Play Музыка","159","2019-03-02",""
"652093","702","4","Spotify","169","2019-03-02",""
"683995","737","4","Boom","149","2019-03-02",""
"62467","67","29","","9751","2019-03-03",""
"862959","930","4","Boom","149","2019-03-07",""
"928205","1000","4","Apple Music","169","2019-03-07",""
"737960","795","4","Яндекс.Музыка","199","2019-03-08",""
"18523","20","29","","8644","2019-03-11",""
"761924","821","4","Google Play Музыка","159","2019-03-12",""
"619768","667","4","YouTube Music","169","2019-03-13",""
"543617","586","4","Boom","149","2019-03-14","2020-05-14"
"822293","885","29","","2972","2019-03-14",""
"441167","475","29","","7463","2019-03-15",""
"283384","306","29","","4465","2019-03-17",""
"647651","697","4","Spotify","169","2019-03-17",""
"25991","28","29","","6546","2019-03-20","2020-02-20"
"720575","776","4","Boom","149","2019-03-22","2020-03-22"
"782719","844","4","Google Play Музыка","159","2019-03-22",""
"442254","477","4","Яндекс.Музыка","199","2019-03-23",""
"497348","536","4","YouTube Music","169","2019-03-26",""
"323435","350","4","Spotify","169","2019-03-28","2020-02-28"
"539907","582","4","Google Play Музыка","159","2019-03-28",""
"601018","646","29","","9449","2019-03-28",""
"608632","654","29","","2494","2019-03-28",""
"241981","262","4","Boom","149","2019-04-02",""
"492578","531","4","Google Play Музыка","159","2019-04-02",""
"597314","642","29","","8187","2019-04-02",""
"91680","99","4","Apple Music","169","2019-04-03",""
"696997","751","4","Apple Music","169","2019-04-06",""
"649437","698","29","","2526","2019-04-07","2020-05-07"
"505689","545","4","Boom","149","2019-04-08",""
"895985","966","4","Spotify","169","2019-04-09","2020-12-09"
"307947","333","4","Яндекс.Музыка","199","2019-04-10","2020-06-10"
"102868","111","4","Boom","149","2019-04-11","2020-02-11"
"556758","600","4","Яндекс.Музыка","199","2019-04-11",""
"817669","881","4","Boom","149","2019-04-13","2020-09-13"
"97242","105","4","Google Play Музыка","159","2019-04-14",""
"451632","487","4","YouTube Music","169","2019-04-15",""
"247315","268","4","Spotify","169","2019-04-16","2020-05-16"
"459780","496","4","YouTube Music","169","2019-04-16","2020-06-16"
"328815","356","4","Boom","149","2019-04-17","2020-10-17"
"461565","498","4","Apple Music","169","2019-04-17",""
"283511","307","4","Spotify","169","2019-04-18",""
"495378","533","29","","7547","2019-04-19",""
"817545","880","29","","9050","2019-04-20",""
"69041","75","4","Google Play Музыка","159","2019-04-21",""
"128011","138","4","Boom","149","2019-04-23",""
"35449","38","29","","8434","2019-04-25",""
"231766","250","29","","7748","2019-04-25",""
"651169","700","29","","5848","2019-04-25","2020-06-25"
"62611","68","4","Apple Music","169","2019-04-26","2020-09-26"
"88845","96","4","Boom","149","2019-04-26",""
"426270","460","4","Boom","149","2019-04-26","2020-04-26"
"773615","833","29","","1357","2019-04-28",""
"864763","931","29","","7432","2019-05-02",""
"929123","1000","29","","9595","2019-05-02",""
"917651","988","29","","5671","2019-05-04","2020-11-04"
"916671","987","29","","5660","2019-05-05",""
"590017","635","4","Google Play Музыка","159","2019-05-06","2020-10-06"
"471772","509","4","Spotify","169","2019-05-07",""
"521261","561","29","","7419","2019-05-08",""
"624524","671","29","","8699","2019-05-08",""
"126999","137","4","Яндекс.Музыка","199","2019-05-10",""
"282488","306","4","Google Play Музыка","159","2019-05-11",""
"798619","861","4","Boom","149","2019-05-11",""
"876828","944","29","","8215","2019-05-12",""
"98126","106","4","YouTube Music","169","2019-05-13","2020-10-13"
"510167","549","29","","2358","2019-05-14",""
"549105","591","29","","7558","2019-05-14",""
"718750","774","4","Google Play Музыка","159","2019-05-14",""
"120471","130","4","Google Play Музыка","159","2019-05-16",""
"604865","651","4","Яндекс.Музыка","199","2019-05-18",""
"781708","842","29","","5674","2019-05-18",""
"138765","149","29","","2702","2019-05-19",""
"770941","830","29","","8843","2019-05-19",""
"116805","126","4","Apple Music","169","2019-05-20",""
"153199","165","29","","7833","2019-05-20",""
"630214","678","4","Apple Music","169","2019-05-20",""
"876890","945","4","Apple Music","169","2019-05-23",""
"610594","657","4","Google Play Музыка","159","2019-05-27",""
"648482","697","29","","5547","2019-05-27",""
"870319","938","4","Яндекс.Музыка","199","2019-05-27","2020-12-27"
"898663","969","4","Boom","149","2019-05-27",""
"466928","503","29","","3698","2019-05-28","2020-12-28"
"618864","666","4","Boom","149","2019-05-28",""
"832713","897","4","Spotify","169","2019-06-01",""
"196529","213","4","Google Play Музыка","159","2019-06-04",""
"513081","553","4","Google Play Музыка","159","2019-06-05",""
"432017","466","4","Google Play Музыка","159","2019-06-06",""
"199476","216","4","Boom","149","2019-06-08",""
"895116","965","4","Apple Music","169","2019-06-10","2020-11-10"
"128867","139","4","Google Play Музыка","159","2019-06-13",""
"264983","287","4","Apple Music","169","2019-06-13",""
"298826","323","4","YouTube Music","169","2019-06-13",""
"509355","549","4","Boom","149","2019-06-15","2020-10-15"
"88701","95","29","","6394","2019-06-19","2020-09-19"
"622627","670","4","YouTube Music","169","2019-06-19",""
"654646","705","4","Яндекс.Музыка","199","2019-06-19",""
"48","1","4","Google Play Музыка","159","2019-06-20",""
"312677","338","4","Google Play Музыка","159","2019-06-20",""
"421611","455","4","YouTube Music","169","2019-06-20",""
"536088","577","29","","9631","2019-06-20",""
"293866","317","29","","8424","2019-06-21",""
"351712","380","4","Spotify","169","2019-06-21",""
"632717","680","29","","4107","2019-06-22",""
"261260","283","4","Boom","149","2019-06-27",""
"890410","959","29","","5017","2019-06-27",""
"317370","342","29","","1053","2019-07-01",""
"683078","736","4","Boom","149","2019-07-01",""
"50661","55","4","Google Play Музыка","159","2019-07-02",""
"244609","264","29","","5347","2019-07-02",""
"87768","95","4","Boom","149","2019-07-03",""
"358368","387","4","Google Play Музыка","159","2019-07-03",""
"401581","433","4","Spotify","169","2019-07-03",""
"152444","165","4","Apple Music","169","2019-07-04",""
"663915","714","29","","9971","2019-07-05",""
"672195","724","4","Boom","149","2019-07-05","2020-12-05"
"773667","834","4","Apple Music","169","2019-07-06",""
"193647","210","4","Boom","149","2019-07-09","2020-02-09"
"195484","211","29","","1674","2019-07-10",""
"641213","690","4","Яндекс.Музыка","199","2019-07-10",""
"740808","798","4","Google Play Музыка","159","2019-07-11",""
"632839","681","4","Apple Music","169","2019-07-12","2020-05-12"
"888742","958","4","Google Play Музыка","159","2019-07-12",""
"30586","33","29","","6753","2019-07-13",""
"745288","803","4","Boom","149","2019-07-13",""
"849132","914","29","","8545","2019-07-13","2020-07-13"
"36628","40","4","Spotify","169","2019-07-14",""
"387520","418","4","YouTube Music","169","2019-07-14",""
"234743","254","4","Boom","149","2019-07-20",""
"271187","293","29","","8240","2019-07-22",""
"738929","796","4","Apple Music","169","2019-07-23",""
"800527","863","4","Boom","149","2019-07-23",""
"501197","540","4","Яндекс.Музыка","199","2019-07-25",""
"499206","538","4","Spotify","169","2019-07-28",""
"310744","336","4","Яндекс.Музыка","199","2019-08-01","2020-07-01"
"649482","699","4","Boom","149","2019-08-01",""
"779154","840","4","YouTube Music","169","2019-08-01","2020-05-01"
"27929","31","4","Google Play Музыка","159","2019-08-02",""
"134203","144","29","","1255","2019-08-02",""
"246443","267","4","Apple Music","169","2019-08-03",""
"884060","952","29","","5014","2019-08-03",""
"71704","77","29","","1039","2019-08-04",""
"140684","151","29","","3382","2019-08-04",""
"571783","616","4","Яндекс.Музыка","199","2019-08-04","2020-10-04"
"397713","428","29","","6227","2019-08-06",""
"411204","443","29","","5661","2019-08-06",""
"45865","49","29","","3460","2019-08-08","2020-07-08"
"417948","451","4","Spotify","169","2019-08-10",""
"38515","42","4","YouTube Music","169","2019-08-11","2020-04-11"
"147895","160","4","Spotify","169","2019-08-11",""
"520447","560","29","","3319","2019-08-13",""
"248227","268","29","","7685","2019-08-14",""
"77460","83","29","","8420","2019-08-15",""
"711223","766","4","Boom","149","2019-08-15",""
"205043","222","4","Boom","149","2019-08-18",""
"346857","374","29","","2448","2019-08-18",""
"827809","891","29","","9929","2019-08-18",""
"238377","258","4","Яндекс.Музыка","199","2019-08-19",""
"219248","237","4","Spotify","169","2019-08-21",""
"291143","315","4","Яндекс.Музыка","199","2019-08-21",""
"638190","686","29","","7876","2019-08-21",""
"437493","471","29","","9292","2019-08-22",""
"547329","590","4","Google Play Музыка","159","2019-08-22",""
"35505","39","4","Apple Music","169","2019-08-23",""
"788216","850","4","YouTube Music","169","2019-08-23",""
"579366","623","29","","8217","2019-08-24",""
"197411","213","29","","8292","2019-08-25",""
"807182","869","29","","7593","2019-08-25",""
"407705","440","4","Яндекс.Музыка","199","2019-09-03",""
"594606","640","4","YouTube Music","169","2019-09-03",""
"644769","693","29","","6124","2019-09-03",""
"771084","831","4","Google Play Музыка","159","2019-09-04",""
"145089","156","29","","1887","2019-09-05",""
"217316","235","4","Яндекс.Музыка","199","2019-09-05",""
"591945","637","4","Apple Music","169","2019-09-06",""
"467996","504","29","","7164","2019-09-08",""
"379047","409","4","Apple Music","169","2019-09-09",""
"920702","992","4","Spotify","169","2019-09-09",""
"710063","764","29","","8785","2019-09-10",""
"402458","434","4","Apple Music","169","2019-09-11",""
"411337","444","4","YouTube Music","169","2019-09-11",""
"794854","857","4","YouTube Music","169","2019-09-11",""
"720459","775","29","","4293","2019-09-13",""
"813884","877","4","Boom","149","2019-09-14",""
"840999","906","4","Spotify","169","2019-09-14",""
"705444","759","29","","8734","2019-09-15",""
"761784","820","29","","2096","2019-09-15",""
"638309","687","4","Яндекс.Музыка","199","2019-09-16","2020-02-16"
"809326","872","4","Яндекс.Музыка","199","2019-09-16",""
"161765","175","4","YouTube Music","169","2019-09-17",""
"169725","183","29","","7303","2019-09-18",""
"325232","352","4","Spotify","169","2019-09-18",""
"399608","430","29","","9659","2019-09-19",""
"389451","420","4","Яндекс.Музыка","199","2019-09-20",""
"546430","589","4","Apple Music","169","2019-09-22",""
"737006","794","4","Apple Music","169","2019-09-22",""
"269406","291","29","","5347","2019-09-24","2020-09-24"
"780788","841","29","","6732","2019-09-24","2020-11-24"
"795670","857","29","","8861","2019-09-24",""
"582378","626","29","","9095","2019-09-25",""
"136144","147","4","Яндекс.Музыка","199","2019-09-26",""
"629239","677","4","Boom","149","2019-09-26",""
"759041","818","4","Boom","149","2019-09-26",""
"493473","531","29","","2087","2019-09-27",""
"193524","209","29","","8424","2019-09-28",""
"387392","417","29","","5908","2019-09-28",""
"545485","587","29","","7601","2019-09-28","2020-07-28"
"430124","463","29","","5656","2019-10-01",""
"557763","601","4","Google Play Музыка","159","2019-10-03",""
"669438","720","29","","6003","2019-10-04",""
"695797","749","29","","7871","2019-10-05",""
"93264","100","29","","2443","2019-10-07","2020-10-07"
"378057","408","4","Google Play Музыка","159","2019-10-08",""
"437545","472","4","Google Play Музыка","159","2019-10-10",""
"503931","543","4","Spotify","169","2019-10-11","2020-06-11"
"554965","598","4","Boom","149","2019-10-11",""
"256547","277","29","","4700","2019-10-15","2020-12-15"
"683855","736","29","","2188","2019-10-15",""
"726123","782","4","Яндекс.Музыка","199","2019-10-16","2020-08-16"
"752360","810","29","","7575","2019-10-18","2020-09-18"
"6732","8","4","Spotify","169","2019-10-20",""
"690242","744","4","Google Play Музыка","159","2019-10-20","2020-04-20"
"37512","40","29","","2578","2019-10-26","2020-07-26"
"571664","615","29","","8210","2019-10-26","2020-05-26"
"65406","71","4","YouTube Music","169","2019-11-01",""
"686534","739","29","","4358","2019-11-03",""
"882101","950","29","","2426","2019-11-04","2020-10-04"
"765558","825","4","YouTube Music","169","2019-11-05",""
"369459","398","29","","3229","2019-11-07","2020-09-07"
"785524","847","4","Spotify","169","2019-11-08","2020-03-08"
"427075","460","29","","3744","2019-11-09","2020-10-09"
"582510","627","4","Apple Music","169","2019-11-09","2020-02-09"
"307078","332","4","YouTube Music","169","2019-11-11",""
"704436","758","29","","1549","2019-11-13",""
"739782","796","29","","3184","2019-11-13",""
"814790","877","29","","5425","2019-11-13","2020-11-13"
"875114","943","4","Google Play Музыка","159","2019-11-13",""
"697976","752","4","Boom","149","2019-11-14","2020-12-14"
"43121","47","4","Apple Music","169","2019-11-15",""
"815703","878","29","","8810","2019-11-15","2020-05-15"
"151539","164","4","Boom","149","2019-11-16",""
"108480","117","4","Google Play Музыка","159","2019-11-17",""
"896935","967","4","YouTube Music","169","2019-11-17",""
"187782","203","29","","6348","2019-11-18",""
"865727","933","4","Spotify","169","2019-11-18",""
"621573","669","4","Google Play Музыка","159","2019-11-19",""
"842856","907","29","","5617","2019-11-19",""
"874117","942","4","Apple Music","169","2019-11-20",""
"680220","733","4","Apple Music","169","2019-11-21",""
"50529","54","29","","9083","2019-11-22",""
"475385","512","29","","7264","2019-11-22","2020-03-22"
"103866","112","4","YouTube Music","169","2019-11-23",""
"677497","730","4","Яндекс.Музыка","199","2019-11-23",""
"27032","30","4","Boom","149","2019-11-25",""
"872137","939","29","","1366","2019-11-28",""
"347908","376","4","Spotify","169","2020-01-01",""
"583361","628","4","YouTube Music","169","2020-01-01",""
"32599","36","4","Google Play Музыка","159","2020-01-02","2020-06-02"
"548294","591","4","Apple Music","169","2020-01-03",""
"536229","578","4","YouTube Music","169","2020-01-04",""
"641090","689","29","","8200","2020-01-06",""
"851161","917","4","Google Play Музыка","159","2020-01-06","2020-08-06"
"315343","340","29","","6207","2020-01-07",""
"356374","384","29","","2225","2020-01-07","2020-02-07"
"553937","596","29","","7846","2020-01-07",""
"921586","993","4","Google Play Музыка","159","2020-01-07",""
"540817","583","4","Boom","149","2020-01-08",""
"789102","851","4","Google Play Музыка","159","2020-01-08","2020-09-08"
"460663","497","4","Google Play Музыка","159","2020-01-12","2020-12-12"
"885995","954","29","","6859","2020-01-12","2020-09-12"
"184278","200","4","Boom","149","2020-01-13",""
"841873","906","29","","7803","2020-01-13",""
"701851","756","4","YouTube Music","169","2020-01-14",""
"814924","878","4","Яндекс.Музыка","199","2020-01-14",""
"288222","312","4","Google Play Музыка","159","2020-01-15",""
"308842","334","4","Apple Music","169","2020-01-15",""
"61405","66","29","","1844","2020-01-16",""
"533448","575","4","Spotify","169","2020-01-16","2020-02-16"
"172487","187","4","Apple Music","169","2020-01-17",""
"731559","788","4","Apple Music","169","2020-01-17",""
"882153","951","4","Boom","149","2020-01-17",""
"319050","344","29","","6431","2020-01-19",""
"693979","748","4","Boom","149","2020-01-20",""
"412055","444","29","","9303","2020-01-24",""
"541692","583","29","","5950","2020-01-24","2020-02-24"
"625468","672","29","","5710","2020-01-24",""
"871250","939","4","Boom","149","2020-01-25",""
"385575","415","29","","6459","2020-01-26",""
"327888","355","4","Apple Music","169","2020-01-27",""
"593694","638","29","","5594","2020-01-27",""
"452630","488","4","Яндекс.Музыка","199","2020-01-28",""
"122177","132","4","YouTube Music","169","2020-02-01",""
"713016","767","29","","7787","2020-02-01",""
"749653","807","29","","6803","2020-02-01","2020-04-01"
"15833","17","29","","4203","2020-02-02",""
"775617","836","4","Яндекс.Музыка","199","2020-02-02",""
"243749","264","4","Boom","149","2020-02-03","2020-09-03"
"295993","320","4","YouTube Music","169","2020-02-04","2020-03-04"
"714061","769","4","Boom","149","2020-02-04",""
"180555","195","29","","8920","2020-02-06",""
"464078","500","29","","6374","2020-02-07",""
"745166","802","29","","3364","2020-02-07",""
"907341","978","4","Spotify","169","2020-02-07",""
"67203","72","29","","3294","2020-02-10",""
"349849","378","4","Google Play Музыка","159","2020-02-10",""
"677449","729","29","","1213","2020-02-11","2020-03-11"
"625602","673","4","Google Play Музыка","159","2020-02-12",""
"132399","142","29","","3110","2020-02-13",""
"806278","869","4","Яндекс.Музыка","199","2020-02-14",""
"743682","801","4","Boom","149","2020-02-15",""
"771923","831","29","","2530","2020-02-16",""
"258467","280","4","YouTube Music","169","2020-02-20",""
"26110","29","4","YouTube Music","169","2020-02-22",""
"169779","184","4","YouTube Music","169","2020-02-22",""
"393124","424","4","YouTube Music","169","2020-02-22","2020-06-22"
"296901","321","4","Яндекс.Музыка","199","2020-02-23","2020-08-23"
"874993","942","29","","2236","2020-02-23","2020-10-23"
"373298","403","4","Spotify","169","2020-02-27","2020-07-27"
"911105","982","4","YouTube Music","169","2020-02-27","2020-03-27"
"28850","32","4","Spotify","169","2020-03-01",""
"616171","663","4","YouTube Music","169","2020-03-01",""
"624581","672","4","Apple Music","169","2020-03-01",""
"262180","283","29","","6247","2020-03-02",""
"467061","504","4","Яндекс.Музыка","199","2020-03-02",""
"73731","79","29","","3356","2020-03-03",""
"482145","520","4","Boom","149","2020-03-03","2020-06-03"
"440172","474","29","","2611","2020-03-06",""
"332580","360","4","Apple Music","169","2020-03-08",""
"363943","392","29","","4916","2020-03-08","2020-09-08"
"445835","480","29","","4844","2020-03-08","2020-04-08"
"124106","134","4","Spotify","169","2020-03-10",""
"274219","297","4","Google Play Музыка","159","2020-03-10",""
"138820","150","4","YouTube Music","169","2020-03-11","2020-11-11"
"194632","211","4","YouTube Music","169","2020-03-11",""
"327744","354","29","","6508","2020-03-12",""
"110293","119","4","Apple Music","169","2020-03-14",""
"151482","163","29","","3062","2020-03-14",""
"460535","496","29","","8884","2020-03-14",""
"229312","248","4","Boom","149","2020-03-15",""
"291960","315","29","","1771","2020-03-20",""
"534366","576","4","Spotify","169","2020-03-20",""
"852983","919","4","Boom","149","2020-03-21",""
"485917","524","4","YouTube Music","169","2020-03-22","2020-09-22"
"772829","832","29","","3084","2020-03-22",""
"259414","281","4","Google Play Музыка","159","2020-03-23",""
"728678","785","4","Spotify","169","2020-03-23",""
"42211","46","4","Boom","149","2020-03-26",""
"58589","63","29","","2702","2020-03-26",""
"60568","66","4","Apple Music","169","2020-03-26","2020-11-26"
"537052","578","29","","7095","2020-03-26",""
"557641","600","29","","8472","2020-03-27","2020-04-27"
"662173","713","4","Spotify","169","2020-03-27",""
"303351","328","4","Spotify","169","2020-03-28",""
"530432","571","29","","6780","2020-03-28",""
"875897","943","29","","5158","2020-04-01",""
"634687","683","4","Google Play Музыка","159","2020-04-02",""
"7707","9","4","Apple Music","169","2020-04-04","2020-09-04"
"214476","232","4","Google Play Музыка","159","2020-04-06","2020-06-06"
"710184","765","4","Apple Music","169","2020-04-06",""
"883136","952","4","Boom","149","2020-04-06",""
"348788","376","29","","8514","2020-04-07",""
"772883","833","4","YouTube Music","169","2020-04-07","2020-08-07"
"760984","820","4","YouTube Music","169","2020-04-08",""
"423466","457","4","Apple Music","169","2020-04-09",""
"614326","661","4","Яндекс.Музыка","199","2020-04-10",""
"166268","180","4","Spotify","169","2020-04-11",""
"285444","309","4","Яндекс.Музыка","199","2020-04-11",""
"100886","108","29","","6972","2020-04-15",""
"481217","519","4","Boom","149","2020-04-15",""
"715923","771","4","Google Play Музыка","159","2020-04-15",""
"29657","32","29","","1999","2020-04-17","2020-07-17"
"363097","392","4","Google Play Музыка","159","2020-04-17",""
"541815","584","4","Spotify","169","2020-04-17",""
"652872","702","29","","9342","2020-04-17",""
"851961","917","29","","8668","2020-04-18",""
"124989","134","29","","9531","2020-04-20","2020-07-20"
"486935","525","4","Spotify","169","2020-04-21",""
"92579","100","4","Boom","149","2020-04-25",""
"654594","704","29","","1370","2020-04-25",""
"574764","619","4","Яндекс.Музыка","199","2020-04-28",""
"150697","163","4","YouTube Music","169","2020-05-01",""
"575731","619","29","","6003","2020-05-02","2020-07-02"
"609657","656","4","Spotify","169","2020-05-03",""
"244733","265","4","Spotify","169","2020-05-04",""
"406894","439","4","Spotify","169","2020-05-06","2020-11-06"
"812887","875","29","","6244","2020-05-06",""
"398760","430","4","Google Play Музыка","159","2020-05-07",""
"531575","573","4","Яндекс.Музыка","199","2020-05-07",""
"626462","674","4","Spotify","169","2020-05-08",""
"740678","797","29","","8561","2020-05-08",""
"661221","712","4","Google Play Музыка","159","2020-05-11",""
"74694","81","4","Spotify","169","2020-05-12",""
"604727","650","29","","7643","2020-05-12","2020-09-12"
"216360","234","4","Spotify","169","2020-05-13",""
"866672","934","4","Яндекс.Музыка","199","2020-05-13","2020-07-13"
"433905","468","4","Яндекс.Музыка","199","2020-05-17",""
"515715","555","29","","8028","2020-05-21",""
"240157","260","4","Spotify","169","2020-05-24",""
"475492","513","4","Google Play Музыка","159","2020-05-27",""
"167099","181","4","Яндекс.Музыка","199","2020-06-02",""
"542576","584","29","","3091","2020-06-04",""
"205777","222","29","","7707","2020-06-05","2020-09-05"
"221149","239","4","Boom","149","2020-06-05",""
"813755","876","29","","9644","2020-06-07",""
"201177","218","4","Boom","149","2020-06-08",""
"902386","972","29","","3302","2020-06-10",""
"24311","27","4","Apple Music","169","2020-06-11",""
"330631","357","29","","7571","2020-06-11",""
"433004","467","4","Google Play Музыка","159","2020-06-12",""
"348917","377","4","Google Play Музыка","159","2020-06-14",""
"876007","944","4","Яндекс.Музыка","199","2020-06-16",""
"922563","994","4","Google Play Музыка","159","2020-06-18",""
"679335","732","4","Apple Music","169","2020-06-19",""
"470738","507","29","","2753","2020-06-20",""
"619647","666","29","","2500","2020-06-20",""
"185152","201","4","YouTube Music","169","2020-06-21",""
"698910","752","29","","5981","2020-06-21",""
"136988","148","4","Google Play Музыка","159","2020-06-22","2020-12-22"
"719588","775","4","Apple Music","169","2020-06-22",""
"33449","36","29","","1249","2020-06-23",""
"527627","568","29","","9749","2020-06-27",""
"92461","99","29","","5924","2020-06-28","2020-07-28"
"856426","922","29","","7602","2020-06-28",""
"899476","969","29","","4678","2020-06-28",""
"835512","900","4","Яндекс.Музыка","199","2020-07-01",""
"78455","84","29","","8321","2020-07-03",""
"209815","227","4","YouTube Music","169","2020-07-10","2020-09-10"
"346975","375","4","Google Play Музыка","159","2020-07-11","2020-12-11"
"631032","678","29","","6041","2020-07-12",""
"40334","44","4","Яндекс.Музыка","199","2020-07-14",""
"478243","516","4","Apple Music","169","2020-07-16",""
"699992","754","4","Google Play Музыка","159","2020-07-17",""
"94227","101","29","","4010","2020-07-19","2020-08-19"
"540763","582","29","","5762","2020-07-19",""
"181488","197","4","YouTube Music","169","2020-07-21",""
"247269","267","29","","5026","2020-07-22",""
"889476","958","29","","8761","2020-07-22",""
"672150","723","29","","6380","2020-07-23","2020-09-23"
"640147","688","29","","2222","2020-07-24",""
"780916","842","4","Google Play Музыка","159","2020-07-25","2020-10-25"
"620677","668","4","Spotify","169","2020-07-27",""
"277941","301","4","Яндекс.Музыка","199","2020-08-05",""
"535334","577","4","Яндекс.Музыка","199","2020-08-06","2020-09-06"
"889593","959","4","YouTube Music","169","2020-08-07",""
"249336","270","4","Google Play Музыка","159","2020-08-10",""
"626418","673","29","","9482","2020-08-12","2020-11-12"
"816768","880","4","Spotify","169","2020-08-12","2020-09-12"
"915704","986","29","","9651","2020-08-12",""
"258337","279","29","","4161","2020-08-13",""
"355599","384","4","Spotify","169","2020-08-13",""
"729706","786","4","Apple Music","169","2020-08-13",""
"268490","290","29","","1712","2020-08-18",""
"367792","397","4","Boom","149","2020-08-18",""
"1045","2","4","Boom","149","2020-08-19",""
"253943","275","4","Яндекс.Музыка","199","2020-08-19",""
"362099","391","4","Яндекс.Музыка","199","2020-08-20",""
"447883","483","4","YouTube Music","169","2020-08-23",""
"688300","741","29","","8048","2020-08-26","2020-09-26"
"257419","278","29","","6413","2020-08-27",""
"927371","999","4","Spotify","169","2020-08-28","2020-12-28"
"189754","206","4","Spotify","169","2020-09-02",""
"366909","396","4","Яндекс.Музыка","199","2020-09-03",""
"187909","204","4","Boom","149","2020-09-04",""
"490689","529","4","Apple Music","169","2020-09-04",""
"410346","443","4","Яндекс.Музыка","199","2020-09-05","2020-10-05"
"461518","497","29","","5278","2020-09-06",""
"182287","197","29","","2162","2020-09-07",""
"299618","324","4","Apple Music","169","2020-09-10","2020-12-10"
"673060","724","29","","9978","2020-09-10","2020-10-10"
"505565","544","29","","3069","2020-09-11",""
"664932","716","4","Spotify","169","2020-09-11",""
"670355","721","29","","7466","2020-09-12",""
"831576","895","29","","4126","2020-09-14",""
"123980","133","29","","8433","2020-09-15",""
"617938","665","4","Google Play Музыка","159","2020-09-15",""
"627300","675","4","Apple Music","169","2020-09-16",""
"313631","339","4","Spotify","169","2020-09-17","2020-11-17"
"647518","696","29","","8887","2020-09-17",""
"383676","413","29","","5960","2020-09-21",""
"886847","955","29","","8576","2020-09-21",""
"17738","20","4","Spotify","169","2020-09-24",""
"328701","355","29","","7737","2020-09-26","2020-11-26"
"917797","989","4","YouTube Music","169","2020-09-27",""
"192631","209","4","Spotify","169","2020-09-28",""
"754346","813","4","Яндекс.Музыка","199","2020-09-28","2020-12-28"
"915817","987","4","Google Play Музыка","159","2020-09-28",""
"359319","388","4","Apple Music","169","2020-10-01","2020-11-01"
"753277","811","29","","5806","2020-10-01","2020-12-01"
"746191","804","4","Boom","149","2020-10-03",""
"469923","507","4","YouTube Music","169","2020-10-05",""
"550989","594","4","Google Play Музыка","159","2020-10-05",""
"678418","731","4","Яндекс.Музыка","199","2020-10-06","2020-11-06"
"317432","343","4","Spotify","169","2020-10-07",""
"660253","711","4","YouTube Music","169","2020-10-07","2020-11-07"
"711110","765","29","","1494","2020-10-08",""
"45025","49","4","Яндекс.Музыка","199","2020-10-10",""
"844641","910","4","YouTube Music","169","2020-10-10",""
"19538","21","29","","9306","2020-10-11","2020-11-11"
"576698","620","29","","8392","2020-10-12",""
"603854","650","4","YouTube Music","169","2020-10-13",""
"665898","717","4","Google Play Музыка","159","2020-10-13",""
"804396","867","4","Google Play Музыка","159","2020-10-13",""
"458008","494","4","YouTube Music","169","2020-10-18","2020-11-18"
"586202","631","4","Google Play Музыка","159","2020-10-20",""
"888691","957","29","","1332","2020-10-21",""
"98008","105","29","","6267","2020-10-24",""
"179648","194","29","","7915","2020-10-24",""
"650424","700","4","Яндекс.Музыка","199","2020-10-25",""
"651281","701","4","Spotify","169","2020-10-26",""
"68184","74","4","Яндекс.Музыка","199","2020-10-27",""
"671355","723","4","Google Play Музыка","159","2020-10-28",""
"186998","203","4","YouTube Music","169","2020-11-01",""
"589062","634","4","Apple Music","169","2020-11-01",""
"39347","42","29","","9372","2020-11-03","2020-12-03"
"391298","422","4","YouTube Music","169","2020-11-03",""
"231908","251","4","Google Play Музыка","159","2020-11-09",""
"445077","480","4","Spotify","169","2020-11-13",""
"409374","441","29","","9984","2020-11-14",""
"567209","610","29","","4186","2020-11-14",""
"529611","571","4","Яндекс.Музыка","199","2020-11-15",""
"427199","461","4","Spotify","169","2020-11-18",""
"464986","501","29","","6884","2020-11-20",""
"425121","458","29","","9202","2020-11-25",""
"741634","799","4","Spotify","169","2020-11-28",""
